{
  "autoscaling.delete_autoscaling_policy":{
    "documentation":{
      "url":"https://www.elastic.co/guide/en/elasticsearch/reference/current/autoscaling-delete-autoscaling-policy.html",
      "description":"Deletes an autoscaling policy. Designed for indirect use by ECE/ESS and ECK. Direct use is not supported."
    },
    "stability":"stable",
    "visibility":"private",
    "headers":{
      "accept": [ "application/json"]
    },
    "url":{
      "paths":[
        {
          "path":"/_autoscaling/policy/{name}",
          "methods":[
            "DELETE"
          ],
          "parts":{
            "name":{
              "type":"string",
              "description":"the name of the autoscaling policy"
            }
          }
        }
      ]
    }
  }
}
