{
  "autoscaling.get_autoscaling_capacity":{
    "documentation":{
      "url":"https://www.elastic.co/guide/en/elasticsearch/reference/current/autoscaling-get-autoscaling-capacity.html",
      "description": "Gets the current autoscaling capacity based on the configured autoscaling policy. Designed for indirect use by ECE/ESS and ECK. Direct use is not supported."
    },
    "stability":"stable",
    "visibility":"private",
    "headers":{
      "accept": [ "application/json"]
    },
    "url":{
      "paths":[
        {
          "path":"/_autoscaling/capacity",
          "methods":[
            "GET"
          ]
        }
      ]
    }
  }
}
