{
  "cat.ml_data_frame_analytics":{
    "documentation":{
      "url":"http://www.elastic.co/guide/en/elasticsearch/reference/current/cat-dfanalytics.html",
      "description": "Gets configuration and usage information about data frame analytics jobs."
    },
    "stability":"stable",
    "visibility":"public",
    "headers":{
      "accept": [ "text/plain", "application/json"]
    },
    "url":{
      "paths":[
        {
          "path":"/_cat/ml/data_frame/analytics",
          "methods":[
            "GET"
          ]
        },
        {
          "path":"/_cat/ml/data_frame/analytics/{id}",
          "methods":[
            "GET"
          ],
          "parts":{
            "id":{
              "type":"string",
              "description":"The ID of the data frame analytics to fetch"
            }
          }
        }
      ]
    },
    "params":{
      "allow_no_match":{
        "type":"boolean",
        "required":false,
        "description":"Whether to ignore if a wildcard expression matches no configs. (This includes `_all` string or when no configs have been specified)"
      },
      "bytes":{
        "type":"enum",
        "description":"The unit in which to display byte values",
        "options":[
          "b",
          "k",
          "kb",
          "m",
          "mb",
          "g",
          "gb",
          "t",
          "tb",
          "p",
          "pb"
        ]
      },
      "format":{
        "type":"string",
        "description":"a short version of the Accept header, e.g. json, yaml"
      },
      "h":{
        "type":"list",
        "description":"Comma-separated list of column names to display"
      },
      "help":{
        "type":"boolean",
        "description":"Return help information",
        "default":false
      },
      "s":{
        "type":"list",
        "description":"Comma-separated list of column names or column aliases to sort by"
      },
      "time":{
        "type":"enum",
        "description":"The unit in which to display time values",
        "options":[
          "d",
          "h",
          "m",
          "s",
          "ms",
          "micros",
          "nanos"
        ]
      },
      "v":{
        "type":"boolean",
        "description":"Verbose mode. Display column headers",
        "default":false
      }
    }
  }
}
