{
  "cat.snapshots":{
    "documentation":{
      "url":"https://www.elastic.co/guide/en/elasticsearch/reference/master/cat-snapshots.html",
      "description":"Returns all snapshots in a specific repository."
    },
    "stability":"stable",
    "visibility":"public",
    "headers":{
      "accept": [ "text/plain", "application/json"]
    },
    "url":{
      "paths":[
        {
          "path":"/_cat/snapshots",
          "methods":[
            "GET"
          ]
        },
        {
          "path":"/_cat/snapshots/{repository}",
          "methods":[
            "GET"
          ],
          "parts":{
            "repository":{
              "type":"list",
              "description":"Name of repository from which to fetch the snapshot information"
            }
          }
        }
      ]
    },
    "params":{
      "format":{
        "type":"string",
        "description":"a short version of the Accept header, e.g. json, yaml"
      },
      "ignore_unavailable":{
        "type":"boolean",
        "description":"Set to true to ignore unavailable snapshots",
        "default":false
      },
      "master_timeout":{
        "type":"time",
        "description":"Explicit operation timeout for connection to master node"
      },
      "h":{
        "type":"list",
        "description":"Comma-separated list of column names to display"
      },
      "help":{
        "type":"boolean",
        "description":"Return help information",
        "default":false
      },
      "s":{
        "type":"list",
        "description":"Comma-separated list of column names or column aliases to sort by"
      },
      "time":{
        "type":"enum",
        "description":"The unit in which to display time values",
        "options":[
          "d",
          "h",
          "m",
          "s",
          "ms",
          "micros",
          "nanos"
        ]
      },
      "v":{
        "type":"boolean",
        "description":"Verbose mode. Display column headers",
        "default":false
      }
    }
  }
}
