{
  "cat.ml_datafeeds":{
    "documentation":{
      "url":"http://www.elastic.co/guide/en/elasticsearch/reference/current/cat-datafeeds.html",
      "description": "Gets configuration and usage information about datafeeds."
    },
    "stability":"stable",
    "visibility":"public",
    "headers":{
      "accept": [ "text/plain", "application/json"]
    },
    "url":{
      "paths":[
        {
          "path":"/_cat/ml/datafeeds",
          "methods":[
            "GET"
          ]
        },
        {
          "path":"/_cat/ml/datafeeds/{datafeed_id}",
          "methods":[
            "GET"
          ],
          "parts":{
            "datafeed_id":{
              "type":"string",
              "description":"The ID of the datafeeds stats to fetch"
            }
          }
        }
      ]
    },
    "params":{
      "allow_no_match":{
        "type":"boolean",
        "required":false,
        "description":"Whether to ignore if a wildcard expression matches no datafeeds. (This includes `_all` string or when no datafeeds have been specified)"
      },
      "allow_no_datafeeds":{
        "type":"boolean",
        "required":false,
        "description":"Whether to ignore if a wildcard expression matches no datafeeds. (This includes `_all` string or when no datafeeds have been specified)",
        "deprecated":true
      },
      "format":{
        "type":"string",
        "description":"a short version of the Accept header, e.g. json, yaml"
      },
      "h":{
        "type":"list",
        "description":"Comma-separated list of column names to display"
      },
      "help":{
        "type":"boolean",
        "description":"Return help information",
        "default":false
      },
      "s":{
        "type":"list",
        "description":"Comma-separated list of column names or column aliases to sort by"
      },
      "time":{
        "type":"enum",
        "description":"The unit in which to display time values",
        "options":[
          "d",
          "h",
          "m",
          "s",
          "ms",
          "micros",
          "nanos"
        ]
      },
      "v":{
        "type":"boolean",
        "description":"Verbose mode. Display column headers",
        "default":false
      }
    }
  }
}
