{
  "cat.thread_pool":{
    "documentation":{
      "url":"https://www.elastic.co/guide/en/elasticsearch/reference/master/cat-thread-pool.html",
      "description":"Returns cluster-wide thread pool statistics per node.\nBy default the active, queue and rejected statistics are returned for all thread pools."
    },
    "stability":"stable",
    "visibility":"public",
    "headers":{
      "accept": [ "text/plain", "application/json"]
    },
    "url":{
      "paths":[
        {
          "path":"/_cat/thread_pool",
          "methods":[
            "GET"
          ]
        },
        {
          "path":"/_cat/thread_pool/{thread_pool_patterns}",
          "methods":[
            "GET"
          ],
          "parts":{
            "thread_pool_patterns":{
              "type":"list",
              "description":"A comma-separated list of regular-expressions to filter the thread pools in the output"
            }
          }
        }
      ]
    },
    "params":{
      "format":{
        "type":"string",
        "description":"a short version of the Accept header, e.g. json, yaml"
      },
      "size":{
        "type":"enum",
        "description":"The multiplier in which to display values",
        "options":[
          "",
          "k",
          "m",
          "g",
          "t",
          "p"
        ],
        "deprecated":{
          "version":"7.7.0",
          "description":"Setting this value has no effect and will be removed from the specification."
        }
      },
      "local":{
        "type":"boolean",
        "description":"Return local information, do not retrieve the state from master node (default: false)"
      },
      "master_timeout":{
        "type":"time",
        "description":"Explicit operation timeout for connection to master node"
      },
      "h":{
        "type":"list",
        "description":"Comma-separated list of column names to display"
      },
      "help":{
        "type":"boolean",
        "description":"Return help information",
        "default":false
      },
      "s":{
        "type":"list",
        "description":"Comma-separated list of column names or column aliases to sort by"
      },
      "v":{
        "type":"boolean",
        "description":"Verbose mode. Display column headers",
        "default":false
      }
    }
  }
}
