{
  "cat.help":{
    "documentation":{
      "url":"https://www.elastic.co/guide/en/elasticsearch/reference/master/cat.html",
      "description":"Returns help for the Cat APIs."
    },
    "stability":"stable",
    "visibility":"public",
    "headers":{
      "accept": [ "text/plain" ]
    },
    "url":{
      "paths":[
        {
          "path":"/_cat",
          "methods":[
            "GET"
          ]
        }
      ]
    },
    "params":{
      "help":{
        "type":"boolean",
        "description":"Return help information",
        "default":false
      },
      "s":{
        "type":"list",
        "description":"Comma-separated list of column names or column aliases to sort by"
      }
    }
  }
}
