{
  "cat.aliases":{
    "documentation":{
      "url":"https://www.elastic.co/guide/en/elasticsearch/reference/master/cat-alias.html",
      "description":"Shows information about currently configured aliases to indices including filter and routing infos."
    },
    "stability":"stable",
    "visibility":"public",
    "headers":{
      "accept": [ "text/plain", "application/json"]
    },
    "url":{
      "paths":[
        {
          "path":"/_cat/aliases",
          "methods":[
            "GET"
          ]
        },
        {
          "path":"/_cat/aliases/{name}",
          "methods":[
            "GET"
          ],
          "parts":{
            "name":{
              "type":"list",
              "description":"A comma-separated list of alias names to return"
            }
          }
        }
      ]
    },
    "params":{
      "format":{
        "type":"string",
        "description":"a short version of the Accept header, e.g. json, yaml"
      },
      "local":{
        "type":"boolean",
        "description":"Return local information, do not retrieve the state from master node (default: false)"
      },
      "h":{
        "type":"list",
        "description":"Comma-separated list of column names to display"
      },
      "help":{
        "type":"boolean",
        "description":"Return help information",
        "default":false
      },
      "s":{
        "type":"list",
        "description":"Comma-separated list of column names or column aliases to sort by"
      },
      "v":{
        "type":"boolean",
        "description":"Verbose mode. Display column headers",
        "default":false
      },
      "expand_wildcards":{
        "type":"enum",
        "options":[
          "open",
          "closed",
          "hidden",
          "none",
          "all"
        ],
        "default": "all",
        "description":"Whether to expand wildcard expression to concrete indices that are open, closed or both."
      }
    }
  }
}
