{
  "cat.nodes":{
    "documentation":{
      "url":"https://www.elastic.co/guide/en/elasticsearch/reference/master/cat-nodes.html",
      "description":"Returns basic statistics about performance of cluster nodes."
    },
    "stability":"stable",
    "visibility":"public",
    "headers":{
      "accept": [ "text/plain", "application/json"]
    },
    "url":{
      "paths":[
        {
          "path":"/_cat/nodes",
          "methods":[
            "GET"
          ]
        }
      ]
    },
    "params":{
      "bytes":{
        "type":"enum",
        "description":"The unit in which to display byte values",
        "options":[
          "b",
          "k",
          "kb",
          "m",
          "mb",
          "g",
          "gb",
          "t",
          "tb",
          "p",
          "pb"
        ]
      },
      "format":{
        "type":"string",
        "description":"a short version of the Accept header, e.g. json, yaml"
      },
      "full_id":{
        "type":"boolean",
        "description":"Return the full node ID instead of the shortened version (default: false)"
      },
      "local":{
        "type":"boolean",
        "description":"Calculate the selected nodes using the local cluster state rather than the state from master node (default: false)",
        "deprecated":{
          "version":"7.6.0",
          "description":"This parameter does not cause this API to act locally."
        }
      },
      "master_timeout":{
        "type":"time",
        "description":"Explicit operation timeout for connection to master node"
      },
      "h":{
        "type":"list",
        "description":"Comma-separated list of column names to display"
      },
      "help":{
        "type":"boolean",
        "description":"Return help information",
        "default":false
      },
      "s":{
        "type":"list",
        "description":"Comma-separated list of column names or column aliases to sort by"
      },
      "time":{
        "type":"enum",
        "description":"The unit in which to display time values",
        "options":[
          "d",
          "h",
          "m",
          "s",
          "ms",
          "micros",
          "nanos"
        ]
      },
      "v":{
        "type":"boolean",
        "description":"Verbose mode. Display column headers",
        "default":false
      },
      "include_unloaded_segments":{
        "type":"boolean",
        "description":"If set to true segment stats will include stats for segments that are not currently loaded into memory",
        "default":false
      }
    }
  }
}
