{
  "cat.transforms":{
    "documentation":{
      "url":"https://www.elastic.co/guide/en/elasticsearch/reference/current/cat-transforms.html",
      "description": "Gets configuration and usage information about transforms."
    },
    "stability":"stable",
    "visibility":"public",
    "headers":{
      "accept": [ "text/plain", "application/json"]
    },
    "url":{
      "paths":[
        {
          "path":"/_cat/transforms",
          "methods":[
            "GET"
          ]
        },
        {
          "path":"/_cat/transforms/{transform_id}",
          "methods":[
            "GET"
          ],
          "parts":{
            "transform_id":{
              "type":"string",
              "description":"The id of the transform for which to get stats. '_all' or '*' implies all transforms"
            }
          }
        }
      ]
    },
    "params":{
      "from":{
        "type":"int",
        "required":false,
        "description":"skips a number of transform configs, defaults to 0"
      },
      "size":{
        "type":"int",
        "required":false,
        "description":"specifies a max number of transforms to get, defaults to 100"
      },
      "allow_no_match":{
        "type":"boolean",
        "required":false,
        "description":"Whether to ignore if a wildcard expression matches no transforms. (This includes `_all` string or when no transforms have been specified)"
      },
      "format":{
        "type":"string",
        "description":"a short version of the Accept header, e.g. json, yaml"
      },
      "h":{
        "type":"list",
        "description":"Comma-separated list of column names to display"
      },
      "help":{
        "type":"boolean",
        "description":"Return help information",
        "default":false
      },
      "s":{
        "type":"list",
        "description":"Comma-separated list of column names or column aliases to sort by"
      },
      "time":{
        "type":"enum",
        "description":"The unit in which to display time values",
        "options":[
          "d",
          "h",
          "m",
          "s",
          "ms",
          "micros",
          "nanos"
        ]
      },
      "v":{
        "type":"boolean",
        "description":"Verbose mode. Display column headers",
        "default":false
      }
    }
  }
}
