{
  "cat.pending_tasks":{
    "documentation":{
      "url":"https://www.elastic.co/guide/en/elasticsearch/reference/master/cat-pending-tasks.html",
      "description":"Returns a concise representation of the cluster pending tasks."
    },
    "stability":"stable",
    "visibility":"public",
    "headers":{
      "accept": [ "text/plain", "application/json"]
    },
    "url":{
      "paths":[
        {
          "path":"/_cat/pending_tasks",
          "methods":[
            "GET"
          ]
        }
      ]
    },
    "params":{
      "format":{
        "type":"string",
        "description":"a short version of the Accept header, e.g. json, yaml"
      },
      "local":{
        "type":"boolean",
        "description":"Return local information, do not retrieve the state from master node (default: false)"
      },
      "master_timeout":{
        "type":"time",
        "description":"Explicit operation timeout for connection to master node"
      },
      "h":{
        "type":"list",
        "description":"Comma-separated list of column names to display"
      },
      "help":{
        "type":"boolean",
        "description":"Return help information",
        "default":false
      },
      "s":{
        "type":"list",
        "description":"Comma-separated list of column names or column aliases to sort by"
      },
      "time":{
        "type":"enum",
        "description":"The unit in which to display time values",
        "options":[
          "d",
          "h",
          "m",
          "s",
          "ms",
          "micros",
          "nanos"
        ]
      },
      "v":{
        "type":"boolean",
        "description":"Verbose mode. Display column headers",
        "default":false
      }
    }
  }
}
