{
  "ccr.resume_auto_follow_pattern":{
    "documentation":{
      "url":"https://www.elastic.co/guide/en/elasticsearch/reference/current/ccr-resume-auto-follow-pattern.html",
      "description": "Resumes an auto-follow pattern that has been paused"
    },
    "stability":"stable",
    "visibility":"public",
    "headers":{
      "accept": [ "application/json"]
    },
    "url":{
      "paths":[
        {
          "path":"/_ccr/auto_follow/{name}/resume",
          "methods":[
            "POST"
          ],
          "parts":{
            "name":{
              "type":"string",
              "description":"The name of the auto follow pattern to resume discovering new indices to follow."
            }
          }
        }
      ]
    }
  }
}
