{
  "ccr.put_auto_follow_pattern":{
    "documentation":{
      "url":"https://www.elastic.co/guide/en/elasticsearch/reference/current/ccr-put-auto-follow-pattern.html",
      "description": "Creates a new named collection of auto-follow patterns against a specified remote cluster. Newly created indices on the remote cluster matching any of the specified patterns will be automatically configured as follower indices."
    },
    "stability":"stable",
    "visibility":"public",
    "headers":{
      "accept": [ "application/json"],
      "content_type": ["application/json"]
    },
    "url":{
      "paths":[
        {
          "path":"/_ccr/auto_follow/{name}",
          "methods":[
            "PUT"
          ],
          "parts":{
            "name":{
              "type":"string",
              "description":"The name of the auto follow pattern."
            }
          }
        }
      ]
    },
    "body":{
      "description":"The specification of the auto follow pattern",
      "required":true
    }
  }
}
