{
  "ccr.delete_auto_follow_pattern":{
    "documentation":{
      "url":"https://www.elastic.co/guide/en/elasticsearch/reference/current/ccr-delete-auto-follow-pattern.html",
      "description": "Deletes auto-follow patterns."
    },
    "stability":"stable",
    "visibility":"public",
    "headers":{
      "accept": [ "application/json"]
    },
    "url":{
      "paths":[
        {
          "path":"/_ccr/auto_follow/{name}",
          "methods":[
            "DELETE"
          ],
          "parts":{
            "name":{
              "type":"string",
              "description":"The name of the auto follow pattern."
            }
          }
        }
      ]
    }
  }
}
