{
  "ccr.pause_follow":{
    "documentation":{
      "url":"https://www.elastic.co/guide/en/elasticsearch/reference/current/ccr-post-pause-follow.html",
      "description": "Pauses a follower index. The follower index will not fetch any additional operations from the leader index."
    },
    "stability":"stable",
    "visibility":"public",
    "headers":{
      "accept": [ "application/json"]
    },
    "url":{
      "paths":[
        {
          "path":"/{index}/_ccr/pause_follow",
          "methods":[
            "POST"
          ],
          "parts":{
            "index":{
              "type":"string",
              "description":"The name of the follower index that should pause following its leader index."
            }
          }
        }
      ]
    }
  }
}
