{
  "ccr.forget_follower":{
    "documentation":{
      "url":"https://www.elastic.co/guide/en/elasticsearch/reference/current/ccr-post-forget-follower.html",
      "description": "Removes the follower retention leases from the leader."
    },
    "stability":"stable",
    "visibility":"public",
    "headers":{
      "accept": [ "application/json"],
      "content_type": ["application/json"]
    },
    "url":{
      "paths":[
        {
          "path":"/{index}/_ccr/forget_follower",
          "methods":[
            "POST"
          ],
          "parts":{
            "index":{
              "type":"string",
              "description":"the name of the leader index for which specified follower retention leases should be removed"
            }
          }
        }
      ]
    },
    "body":{
      "description":"the name and UUID of the follower index, the name of the cluster containing the follower index, and the alias from the perspective of that cluster for the remote cluster containing the leader index",
      "required":true
    }
  }
}
