{
  "ccr.follow_stats":{
    "documentation":{
      "url":"https://www.elastic.co/guide/en/elasticsearch/reference/current/ccr-get-follow-stats.html",
      "description": "Retrieves follower stats. return shard-level stats about the following tasks associated with each shard for the specified indices."
    },
    "stability":"stable",
    "visibility":"public",
    "headers":{
      "accept": [ "application/json"]
    },
    "url":{
      "paths":[
        {
          "path":"/{index}/_ccr/stats",
          "methods":[
            "GET"
          ],
          "parts":{
            "index":{
              "type":"list",
              "description":"A comma-separated list of index patterns; use `_all` to perform the operation on all indices"
            }
          }
        }
      ]
    }
  }
}
