{
  "ccr.unfollow":{
    "documentation":{
      "url":"https://www.elastic.co/guide/en/elasticsearch/reference/current/ccr-post-unfollow.html",
      "description": "Stops the following task associated with a follower index and removes index metadata and settings associated with cross-cluster replication."
    },
    "stability":"stable",
    "visibility":"public",
    "headers":{
      "accept": [ "application/json"]
    },
    "url":{
      "paths":[
        {
          "path":"/{index}/_ccr/unfollow",
          "methods":[
            "POST"
          ],
          "parts":{
            "index":{
              "type":"string",
              "description":"The name of the follower index that should be turned into a regular index."
            }
          }
        }
      ]
    }
  }
}
