{
  "cluster.get_settings":{
    "documentation":{
      "url":"https://www.elastic.co/guide/en/elasticsearch/reference/master/cluster-get-settings.html",
      "description":"Returns cluster settings."
    },
    "stability":"stable",
    "visibility":"public",
    "headers":{
      "accept": [ "application/json"]
    },
    "url":{
      "paths":[
        {
          "path":"/_cluster/settings",
          "methods":[
            "GET"
          ]
        }
      ]
    },
    "params":{
      "flat_settings":{
        "type":"boolean",
        "description":"Return settings in flat format (default: false)"
      },
      "master_timeout":{
        "type":"time",
        "description":"Explicit operation timeout for connection to master node"
      },
      "timeout":{
        "type":"time",
        "description":"Explicit operation timeout"
      },
      "include_defaults":{
        "type":"boolean",
        "description":"Whether to return all default clusters setting.",
        "default":false
      }
    }
  }
}
