{
  "cluster.exists_component_template":{
    "documentation":{
      "url":"https://www.elastic.co/guide/en/elasticsearch/reference/master/indices-component-template.html",
      "description":"Returns information about whether a particular component template exist"
    },
    "stability":"stable",
    "visibility":"public",
    "headers":{
      "accept": [ "application/json"]
    },
    "url":{
      "paths":[
        {
          "path":"/_component_template/{name}",
          "methods":[
            "HEAD"
          ],
          "parts":{
            "name":{
              "type":"string",
              "description":"The name of the template"
            }
          }
        }
      ]
    },
    "params":{
      "master_timeout":{
        "type":"time",
        "description":"Explicit operation timeout for connection to master node"
      },
      "local":{
        "type":"boolean",
        "description":"Return local information, do not retrieve the state from master node (default: false)"
      }
    }
  }
}
