{
  "cluster.remote_info":{
    "documentation":{
      "url":"https://www.elastic.co/guide/en/elasticsearch/reference/master/cluster-remote-info.html",
      "description":"Returns the information about configured remote clusters."
    },
    "stability":"stable",
    "visibility":"public",
    "headers":{
      "accept": [ "application/json"]
    },
    "url":{
      "paths":[
        {
          "path":"/_remote/info",
          "methods":[
            "GET"
          ]
        }
      ]
    },
    "params":{}
  }
}
