{
  "dangling_indices.import_dangling_index": {
    "documentation": {
      "url": "https://www.elastic.co/guide/en/elasticsearch/reference/master/modules-gateway-dangling-indices.html",
      "description": "Imports the specified dangling index"
    },
    "stability": "stable",
    "visibility":"public",
    "headers":{
      "accept": [ "application/json"]
    },
    "url": {
      "paths": [
        {
          "path": "/_dangling/{index_uuid}",
          "methods": [
            "POST"
          ],
          "parts": {
            "index_uuid": {
              "type": "string",
              "description": "The UUID of the dangling index"
            }
          }
        }
      ]
    },
    "params": {
      "accept_data_loss": {
        "type": "boolean",
        "description": "Must be set to true in order to import the dangling index"
      },
      "timeout": {
        "type": "time",
        "description": "Explicit operation timeout"
      },
      "master_timeout": {
        "type": "time",
        "description": "Specify timeout for connection to master"
      }
    }
  }
}
