{
  "data_frame_transform_deprecated.preview_transform":{
    "documentation":{
      "url":"https://www.elastic.co/guide/en/elasticsearch/reference/current/preview-transform.html",
      "description":"Previews a transform."
    },
    "stability":"beta",
    "visibility":"public",
    "headers":{
      "accept": [ "application/json"],
      "content_type": ["application/json"]
    },
    "url":{
      "paths":[
        {
          "path":"/_data_frame/transforms/_preview",
          "methods":[
            "POST"
          ],
          "deprecated":{
            "version":"7.5.0",
            "description":"[_data_frame/transforms/] is deprecated, use [_transform/] in the future."
          }
        }
      ]
    },
    "body":{
      "description":"The definition for the transform to preview",
      "required":true
    }
  }
}
