{
  "data_frame_transform_deprecated.update_transform":{
    "documentation":{
      "url":"https://www.elastic.co/guide/en/elasticsearch/reference/current/update-transform.html",
      "description":"Updates certain properties of a transform."
    },
    "stability":"beta",
    "visibility":"public",
    "headers":{
      "accept":[ "application/json"],
      "content_type":["application/json"]
    },
    "url":{
      "paths":[
        {
          "path":"/_data_frame/transforms/{transform_id}/_update",
          "methods":[
            "POST"
          ],
          "parts":{
            "transform_id":{
              "type":"string",
              "required":true,
              "description":"The id of the transform."
            }
          },
          "deprecated":{
            "version":"7.5.0",
            "description":"[_data_frame/transforms/] is deprecated, use [_transform/] in the future."
          }
        }
      ]
    },
    "params":{
      "defer_validation":{
        "type":"boolean",
        "required":false,
        "description":"If validations should be deferred until transform starts, defaults to false."
      }
    },
    "body":{
      "description":"The update transform definition",
      "required":true
    }
  }
}
