{
  "data_frame_transform_deprecated.put_transform":{
    "documentation":{
      "url":"https://www.elastic.co/guide/en/elasticsearch/reference/current/put-transform.html",
      "description":"Instantiates a transform."
    },
    "stability":"beta",
    "visibility":"public",
    "headers":{
      "accept": [ "application/json"],
      "content_type": ["application/json"]
    },
    "url":{
      "paths":[
        {
          "path":"/_data_frame/transforms/{transform_id}",
          "methods":[
            "PUT"
          ],
          "parts":{
            "transform_id":{
              "type":"string",
              "description":"The id of the new transform."
            }
          },
          "deprecated":{
            "version":"7.5.0",
            "description":"[_data_frame/transforms/] is deprecated, use [_transform/] in the future."
          }
        }
      ]
    },
    "params":{
      "defer_validation":{
        "type":"boolean",
        "required":false,
        "description":"If validations should be deferred until transform starts, defaults to false."
      }
    },
    "body":{
      "description":"The transform definition",
      "required":true
    }
  }
}
