{
  "enrich.put_policy": {
    "documentation": {
      "url":"https://www.elastic.co/guide/en/elasticsearch/reference/current/put-enrich-policy-api.html",
      "description": "Creates a new enrich policy."
    },
    "stability" : "stable",
    "visibility":"public",
    "headers":{
      "accept": [ "application/json"],
      "content_type": ["application/json"]
    },
    "url": {
      "paths": [
        {
          "path": "/_enrich/policy/{name}",
          "methods": [ "PUT" ],
          "parts": {
            "name": {
              "type" : "string",
              "description" : "The name of the enrich policy"
            }
          }
        }
      ]
    },
    "body": {
      "description": "The enrich policy to register",
      "required": true
    }
  }
}
