{
  "eql.delete":{
    "documentation":{
      "url":"https://www.elastic.co/guide/en/elasticsearch/reference/current/eql-search-api.html",
      "description": "Deletes an async EQL search by ID. If the search is still running, the search request will be cancelled. Otherwise, the saved search results are deleted."
    },
    "stability":"stable",
    "visibility":"public",
    "headers":{
      "accept": [ "application/json"]
    },
    "url":{
      "paths":[
        {
          "path":"/_eql/search/{id}",
          "methods":[
            "DELETE"
          ],
          "parts":{
            "id":{
              "type":"string",
              "description":"The async search ID"
            }
          }
        }
      ]
    }
  }
}
