{
  "eql.get":{
    "documentation":{
      "url":"https://www.elastic.co/guide/en/elasticsearch/reference/current/eql-search-api.html",
      "description": "Returns async results from previously executed Event Query Language (EQL) search"
    },
    "stability": "stable",
    "visibility":"public",
    "headers":{
      "accept": [ "application/json"]
    },
    "url":{
      "paths":[
        {
          "path":"/_eql/search/{id}",
          "methods":[
            "GET"
          ],
          "parts":{
            "id":{
              "type":"string",
              "description":"The async search ID"
            }
          }
        }
      ]
    },
    "params":{
      "wait_for_completion_timeout":{
        "type":"time",
        "description":"Specify the time that the request should block waiting for the final response"
      },
      "keep_alive": {
        "type": "time",
        "description": "Update the time interval in which the results (partial or final) for this search will be available",
        "default": "5d"
      }
    }
  }
}
