{
  "graph.explore":{
    "documentation":{
      "url":"https://www.elastic.co/guide/en/elasticsearch/reference/current/graph-explore-api.html",
      "description": "Explore extracted and summarized information about the documents and terms in an index."
    },
    "stability":"stable",
    "visibility":"public",
    "headers":{
      "accept": [ "application/json"],
      "content_type": ["application/json"]
    },
    "url":{
      "paths":[
        {
          "path":"/{index}/_graph/explore",
          "methods":[
            "GET",
            "POST"
          ],
          "parts":{
            "index":{
              "type":"list",
              "description":"A comma-separated list of index names to search; use `_all` or empty string to perform the operation on all indices"
            }
          }
        },
        {
          "path":"/{index}/{type}/_graph/explore",
          "methods":[
            "GET",
            "POST"
          ],
          "parts":{
            "index":{
              "type":"list",
              "description":"A comma-separated list of index names to search; use `_all` or empty string to perform the operation on all indices"
            },
            "type":{
              "type":"list",
              "description":"A comma-separated list of document types to search; leave empty to perform the operation on all types",
              "deprecated":true
            }
          },
          "deprecated":{
            "version":"7.0.0",
            "description":"Specifying types in urls has been deprecated"
          }
        }
      ]
    },
    "params":{
      "routing":{
        "type":"string",
        "description":"Specific routing value"
      },
      "timeout":{
        "type":"time",
        "description":"Explicit operation timeout"
      }
    },
    "body":{
      "description":"Graph Query DSL"
    }
  }
}
