{
  "ilm.get_status":{
    "documentation":{
      "url":"https://www.elastic.co/guide/en/elasticsearch/reference/current/ilm-get-status.html",
      "description":"Retrieves the current index lifecycle management (ILM) status."
    },
    "stability":"stable",
    "visibility":"public",
    "headers":{
      "accept": [ "application/json"]
    },
    "url":{
      "paths":[
        {
          "path":"/_ilm/status",
          "methods":[
            "GET"
          ]
        }
      ]
    },
    "params":{}
  }
}
