{
  "ilm.delete_lifecycle":{
    "documentation":{
      "url":"https://www.elastic.co/guide/en/elasticsearch/reference/current/ilm-delete-lifecycle.html",
      "description": "Deletes the specified lifecycle policy definition. A currently used policy cannot be deleted."
    },
    "stability":"stable",
    "visibility":"public",
    "headers":{
      "accept": [ "application/json"]
    },
    "url":{
      "paths":[
        {
          "path":"/_ilm/policy/{policy}",
          "methods":[
            "DELETE"
          ],
          "parts":{
            "policy":{
              "type":"string",
              "description":"The name of the index lifecycle policy"
            }
          }
        }
      ]
    },
    "params":{}
  }
}
