{
  "ilm.move_to_step":{
    "documentation":{
      "url":"https://www.elastic.co/guide/en/elasticsearch/reference/current/ilm-move-to-step.html",
      "description":"Manually moves an index into the specified step and executes that step."
    },
    "stability":"stable",
    "visibility":"public",
    "headers":{
      "accept": [ "application/json"],
      "content_type": ["application/json"]
    },
    "url":{
      "paths":[
        {
          "path":"/_ilm/move/{index}",
          "methods":[
            "POST"
          ],
          "parts":{
            "index":{
              "type":"string",
              "description":"The name of the index whose lifecycle step is to change"
            }
          }
        }
      ]
    },
    "params":{},
    "body":{
      "description":"The new lifecycle step to move to"
    }
  }
}
