{
  "ilm.put_lifecycle":{
    "documentation":{
      "url":"https://www.elastic.co/guide/en/elasticsearch/reference/current/ilm-put-lifecycle.html",
      "description":"Creates a lifecycle policy"
    },
    "stability":"stable",
    "visibility":"public",
    "headers":{
      "accept": [ "application/json"],
      "content_type": ["application/json"]
    },
    "url":{
      "paths":[
        {
          "path":"/_ilm/policy/{policy}",
          "methods":[
            "PUT"
          ],
          "parts":{
            "policy":{
              "type":"string",
              "description":"The name of the index lifecycle policy"
            }
          }
        }
      ]
    },
    "params":{},
    "body":{
      "description":"The lifecycle policy definition to register"
    }
  }
}
