{
  "indices.modify_data_stream":{
    "documentation":{
      "url":"https://www.elastic.co/guide/en/elasticsearch/reference/master/data-streams.html",
      "description":"Modifies a data stream"
    },
    "stability":"stable",
    "visibility":"public",
    "headers":{
      "accept": [ "application/json"],
      "content_type": ["application/json"]
    },
    "url":{
      "paths":[
        {
          "path":"/_data_stream/_modify",
          "methods":["POST"]
        }
      ]
    },
    "params":{
    },
    "body":{
      "description":"The data stream modifications",
      "required":true
    }
  }
}
