{
  "indices.split":{
    "documentation":{
      "url":"https://www.elastic.co/guide/en/elasticsearch/reference/master/indices-split-index.html",
      "description":"Allows you to split an existing index into a new index with more primary shards."
    },
    "stability":"stable",
    "visibility":"public",
    "headers":{
      "accept": [ "application/json"],
      "content_type": ["application/json"]
    },
    "url":{
      "paths":[
        {
          "path":"/{index}/_split/{target}",
          "methods":[
            "PUT",
            "POST"
          ],
          "parts":{
            "index":{
              "type":"string",
              "description":"The name of the source index to split"
            },
            "target":{
              "type":"string",
              "description":"The name of the target index to split into"
            }
          }
        }
      ]
    },
    "params": {
      "copy_settings": {
        "type" : "boolean",
        "description" : "whether or not to copy settings from the source index (defaults to false)"
      },
      "timeout": {
        "type" : "time",
        "description" : "Explicit operation timeout"
      },
      "master_timeout": {
        "type" : "time",
        "description" : "Specify timeout for connection to master"
      },
      "wait_for_active_shards": {
        "type" : "string",
        "description" : "Set the number of active shards to wait for on the shrunken index before the operation returns."
      }
    },
    "body":{
      "description":"The configuration for the target index (`settings` and `aliases`)"
    }
  }
}
