{
  "indices.put_mapping":{
    "documentation":{
      "url":"https://www.elastic.co/guide/en/elasticsearch/reference/master/indices-put-mapping.html",
      "description":"Updates the index mappings."
    },
    "stability":"stable",
    "visibility":"public",
    "headers":{
      "accept": [ "application/json"],
      "content_type": ["application/json"]
    },
    "url":{
      "paths":[
        {
          "path":"/{index}/_mapping",
          "methods":[
            "PUT",
            "POST"
          ],
          "parts":{
            "index":{
              "type":"list",
              "description":"A comma-separated list of index names the mapping should be added to (supports wildcards); use `_all` or omit to add the mapping on all indices."
            }
          }
        },
        {
          "path":"/{index}/{type}/_mapping",
          "methods":[
            "PUT",
            "POST"
          ],
          "parts":{
            "index":{
              "type":"list",
              "description":"A comma-separated list of index names the mapping should be added to (supports wildcards); use `_all` or omit to add the mapping on all indices."
            },
            "type":{
              "type":"string",
              "description":"The name of the document type",
              "deprecated":true
            }
          },
          "deprecated":{
            "version":"7.0.0",
            "description":"Specifying types in urls has been deprecated"
          }
        },
        {
          "path":"/{index}/_mapping/{type}",
          "methods":[
            "PUT",
            "POST"
          ],
          "parts":{
            "index":{
              "type":"list",
              "description":"A comma-separated list of index names the mapping should be added to (supports wildcards); use `_all` or omit to add the mapping on all indices."
            },
            "type":{
              "type":"string",
              "description":"The name of the document type",
              "deprecated":true
            }
          },
          "deprecated":{
            "version":"7.0.0",
            "description":"Specifying types in urls has been deprecated"
          }
        },
        {
          "path":"/{index}/{type}/_mappings",
          "methods":[
            "PUT",
            "POST"
          ],
          "parts":{
            "index":{
              "type":"list",
              "description":"A comma-separated list of index names the mapping should be added to (supports wildcards); use `_all` or omit to add the mapping on all indices."
            },
            "type":{
              "type":"string",
              "description":"The name of the document type",
              "deprecated":true
            }
          },
          "deprecated":{
            "version":"7.0.0",
            "description":"Specifying types in urls has been deprecated"
          }
        },
        {
          "path":"/{index}/_mappings/{type}",
          "methods":[
            "PUT",
            "POST"
          ],
          "parts":{
            "index":{
              "type":"list",
              "description":"A comma-separated list of index names the mapping should be added to (supports wildcards); use `_all` or omit to add the mapping on all indices."
            },
            "type":{
              "type":"string",
              "description":"The name of the document type",
              "deprecated":true
            }
          },
          "deprecated":{
            "version":"7.0.0",
            "description":"Specifying types in urls has been deprecated"
          }
        },
        {
          "path":"/_mappings/{type}",
          "methods":[
            "PUT",
            "POST"
          ],
          "parts":{
            "type":{
              "type":"string",
              "description":"The name of the document type",
              "deprecated":true
            }
          },
          "deprecated":{
            "version":"7.0.0",
            "description":"Specifying types in urls has been deprecated"
          }
        },
        {
          "path":"/{index}/_mappings",
          "methods":[
            "PUT",
            "POST"
          ],
          "parts":{
            "index":{
              "type":"list",
              "description":"A comma-separated list of index names the mapping should be added to (supports wildcards); use `_all` or omit to add the mapping on all indices."
            }
          },
          "deprecated":{
            "version":"7.0.0",
            "description":"The plural mappings is accepted but only /_mapping is documented"
          }
        },
        {
          "path":"/_mapping/{type}",
          "methods":[
            "PUT",
            "POST"
          ],
          "parts":{
            "type":{
              "type":"string",
              "description":"The name of the document type",
              "deprecated":true
            }
          },
          "deprecated":{
            "version":"7.0.0",
            "description":"Specifying types in urls has been deprecated"
          }
        }
      ]
    },
    "params":{
      "include_type_name":{
        "type":"boolean",
        "description":"Whether a type should be expected in the body of the mappings."
      },
      "timeout":{
        "type":"time",
        "description":"Explicit operation timeout"
      },
      "master_timeout":{
        "type":"time",
        "description":"Specify timeout for connection to master"
      },
      "ignore_unavailable":{
        "type":"boolean",
        "description":"Whether specified concrete indices should be ignored when unavailable (missing or closed)"
      },
      "allow_no_indices":{
        "type":"boolean",
        "description":"Whether to ignore if a wildcard indices expression resolves into no concrete indices. (This includes `_all` string or when no indices have been specified)"
      },
      "expand_wildcards":{
        "type":"enum",
        "options":[
          "open",
          "closed",
          "hidden",
          "none",
          "all"
        ],
        "default":"open",
        "description":"Whether to expand wildcard expression to concrete indices that are open, closed or both."
      },
      "write_index_only":{
        "type":"boolean",
        "default":false,
        "description":"When true, applies mappings only to the write index of an alias or data stream"
      }
    },
    "body":{
      "description":"The mapping definition",
      "required":true
    }
  }
}
