{
  "indices.shard_stores":{
    "documentation":{
      "url":"https://www.elastic.co/guide/en/elasticsearch/reference/master/indices-shards-stores.html",
      "description":"Provides store information for shard copies of indices."
    },
    "stability":"stable",
    "visibility":"public",
    "headers":{
      "accept": [ "application/json"]
    },
    "url":{
      "paths":[
        {
          "path":"/_shard_stores",
          "methods":[
            "GET"
          ]
        },
        {
          "path":"/{index}/_shard_stores",
          "methods":[
            "GET"
          ],
          "parts":{
            "index":{
              "type":"list",
              "description":"A comma-separated list of index names; use `_all` or empty string to perform the operation on all indices"
            }
          }
        }
      ]
    },
    "params":{
      "status":{
        "type":"list",
        "options":[
          "green",
          "yellow",
          "red",
          "all"
        ],
        "description":"A comma-separated list of statuses used to filter on shards to get store information for"
      },
      "ignore_unavailable":{
        "type":"boolean",
        "description":"Whether specified concrete indices should be ignored when unavailable (missing or closed)"
      },
      "allow_no_indices":{
        "type":"boolean",
        "description":"Whether to ignore if a wildcard indices expression resolves into no concrete indices. (This includes `_all` string or when no indices have been specified)"
      },
      "expand_wildcards":{
        "type":"enum",
        "options":[
          "open",
          "closed",
          "hidden",
          "none",
          "all"
        ],
        "default":"open",
        "description":"Whether to expand wildcard expression to concrete indices that are open, closed or both."
      }
    }
  }
}
