{
  "indices.delete_template":{
    "documentation":{
      "url":"https://www.elastic.co/guide/en/elasticsearch/reference/master/indices-templates.html",
      "description":"Deletes an index template."
    },
    "stability":"stable",
    "visibility":"public",
    "headers":{
      "accept": [ "application/json"]
    },
    "url":{
      "paths":[
        {
          "path":"/_template/{name}",
          "methods":[
            "DELETE"
          ],
          "parts":{
            "name":{
              "type":"string",
              "description":"The name of the template"
            }
          }
        }
      ]
    },
    "params":{
      "timeout":{
        "type":"time",
        "description":"Explicit operation timeout"
      },
      "master_timeout":{
        "type":"time",
        "description":"Specify timeout for connection to master"
      }
    }
  }
}
