{
  "indices.flush_synced":{
    "documentation":{
      "url":"https://www.elastic.co/guide/en/elasticsearch/reference/master/indices-synced-flush-api.html",
      "description":"Performs a synced flush operation on one or more indices. Synced flush is deprecated and will be removed in 8.0. Use flush instead"
    },
    "stability":"stable",
    "visibility" : "public",
    "headers":{
      "accept": [ "application/json"]
    },
    "url":{
      "paths":[
        {
          "path":"/_flush/synced",
          "methods":[
            "POST",
            "GET"
          ],
          "deprecated":{
            "version":"7.6.0",
            "description":"Synced flush is deprecated and will be removed in 8.0. Use flush instead."
          }
        },
        {
          "path":"/{index}/_flush/synced",
          "methods":[
            "POST",
            "GET"
          ],
          "parts":{
            "index":{
              "type":"list",
              "description":"A comma-separated list of index names; use `_all` or empty string for all indices"
            }
          },
          "deprecated":{
            "version":"7.6.0",
            "description":"Synced flush is deprecated and will be removed in 8.0. Use flush instead."
          }
        }
      ]
    },
    "params":{
      "ignore_unavailable":{
        "type":"boolean",
        "description":"Whether specified concrete indices should be ignored when unavailable (missing or closed)"
      },
      "allow_no_indices":{
        "type":"boolean",
        "description":"Whether to ignore if a wildcard indices expression resolves into no concrete indices. (This includes `_all` string or when no indices have been specified)"
      },
      "expand_wildcards":{
        "type":"enum",
        "options":[
          "open",
          "closed",
          "none",
          "all"
        ],
        "default":"open",
        "description":"Whether to expand wildcard expression to concrete indices that are open, closed or both."
      }
    }
  }
}
