{
  "indices.update_aliases":{
    "documentation":{
      "url":"https://www.elastic.co/guide/en/elasticsearch/reference/master/indices-aliases.html",
      "description":"Updates index aliases."
    },
    "stability":"stable",
    "visibility":"public",
    "headers":{
      "accept": [ "application/json"],
      "content_type": ["application/json"]
    },
    "url":{
      "paths":[
        {
          "path":"/_aliases",
          "methods":[
            "POST"
          ]
        }
      ]
    },
    "params":{
      "timeout":{
        "type":"time",
        "description":"Request timeout"
      },
      "master_timeout":{
        "type":"time",
        "description":"Specify timeout for connection to master"
      }
    },
    "body":{
      "description":"The definition of `actions` to perform",
      "required":true
    }
  }
}
