{
  "indices.get_field_mapping":{
    "documentation":{
      "url":"https://www.elastic.co/guide/en/elasticsearch/reference/master/indices-get-field-mapping.html",
      "description":"Returns mapping for one or more fields."
    },
    "stability":"stable",
    "visibility":"public",
    "headers":{
      "accept": [ "application/json"]
    },
    "url":{
      "paths":[
        {
          "path":"/_mapping/field/{fields}",
          "methods":[
            "GET"
          ],
          "parts":{
            "fields":{
              "type":"list",
              "description":"A comma-separated list of fields"
            }
          }
        },
        {
          "path":"/{index}/_mapping/field/{fields}",
          "methods":[
            "GET"
          ],
          "parts":{
            "index":{
              "type":"list",
              "description":"A comma-separated list of index names"
            },
            "fields":{
              "type":"list",
              "description":"A comma-separated list of fields"
            }
          }
        },
        {
          "path":"/_mapping/{type}/field/{fields}",
          "methods":[
            "GET"
          ],
          "parts":{
            "type":{
              "type":"list",
              "description":"A comma-separated list of document types",
              "deprecated":true
            },
            "fields":{
              "type":"list",
              "description":"A comma-separated list of fields"
            }
          },
          "deprecated":{
            "version":"7.0.0",
            "description":"Specifying types in urls has been deprecated"
          }
        },
        {
          "path":"/{index}/_mapping/{type}/field/{fields}",
          "methods":[
            "GET"
          ],
          "parts":{
            "index":{
              "type":"list",
              "description":"A comma-separated list of index names"
            },
            "type":{
              "type":"list",
              "description":"A comma-separated list of document types",
              "deprecated":true
            },
            "fields":{
              "type":"list",
              "description":"A comma-separated list of fields"
            }
          },
          "deprecated":{
            "version":"7.0.0",
            "description":"Specifying types in urls has been deprecated"
          }
        }
      ]
    },
    "params":{
      "include_type_name":{
        "type":"boolean",
        "description":"Whether a type should be returned in the body of the mappings."
      },
      "include_defaults":{
        "type":"boolean",
        "description":"Whether the default mapping values should be returned as well"
      },
      "ignore_unavailable":{
        "type":"boolean",
        "description":"Whether specified concrete indices should be ignored when unavailable (missing or closed)"
      },
      "allow_no_indices":{
        "type":"boolean",
        "description":"Whether to ignore if a wildcard indices expression resolves into no concrete indices. (This includes `_all` string or when no indices have been specified)"
      },
      "expand_wildcards":{
        "type":"enum",
        "options":[
          "open",
          "closed",
          "hidden",
          "none",
          "all"
        ],
        "default":"open",
        "description":"Whether to expand wildcard expression to concrete indices that are open, closed or both."
      },
      "local":{
        "type":"boolean",
        "description":"Return local information, do not retrieve the state from master node (default: false)"
      }
    }
  }
}
