{
  "indices.upgrade":{
    "documentation":{
      "url":"https://www.elastic.co/guide/en/elasticsearch/reference/master/indices-upgrade.html",
      "description":"DEPRECATED Upgrades to the current version of Lucene."
    },
    "stability":"stable",
    "visibility" : "public",
    "headers":{
      "accept": [ "application/json"]
    },
    "url":{
      "paths":[
        {
          "path":"/_upgrade",
          "methods":[
            "POST"
          ],
          "deprecated":{
            "version":"8.0.0",
            "description":"The _upgrade API is no longer useful and will be removed. Instead, see _reindex API."
          }
        },
        {
          "path":"/{index}/_upgrade",
          "methods":[
            "POST"
          ],
          "parts":{
            "index":{
              "type":"list",
              "description":"A comma-separated list of index names; use `_all` or empty string to perform the operation on all indices"
            }
          },
          "deprecated":{
            "version":"8.0.0",
            "description":"The _upgrade API is no longer useful and will be removed. Instead, see _reindex API."
          }
        }
      ]
    },
    "params":{
      "allow_no_indices":{
        "type":"boolean",
        "description":"Whether to ignore if a wildcard indices expression resolves into no concrete indices. (This includes `_all` string or when no indices have been specified)"
      },
      "expand_wildcards":{
        "type":"enum",
        "options":[
          "open",
          "closed",
          "hidden",
          "none",
          "all"
        ],
        "default":"open",
        "description":"Whether to expand wildcard expression to concrete indices that are open, closed or both."
      },
      "ignore_unavailable":{
        "type":"boolean",
        "description":"Whether specified concrete indices should be ignored when unavailable (missing or closed)"
      },
      "wait_for_completion":{
        "type":"boolean",
        "description":"Specify whether the request should block until the all segments are upgraded (default: false)"
      },
      "only_ancient_segments":{
        "type":"boolean",
        "description":"If true, only ancient (an older Lucene major release) segments will be upgraded"
      }
    }
  }
}
