{
  "indices.put_settings":{
    "documentation":{
      "url":"https://www.elastic.co/guide/en/elasticsearch/reference/master/indices-update-settings.html",
      "description":"Updates the index settings."
    },
    "stability":"stable",
    "visibility":"public",
    "headers":{
      "accept": [ "application/json"],
      "content_type": ["application/json"]
    },
    "url":{
      "paths":[
        {
          "path":"/_settings",
          "methods":[
            "PUT"
          ]
        },
        {
          "path":"/{index}/_settings",
          "methods":[
            "PUT"
          ],
          "parts":{
            "index":{
              "type":"list",
              "description":"A comma-separated list of index names; use `_all` or empty string to perform the operation on all indices"
            }
          }
        }
      ]
    },
    "params":{
      "master_timeout":{
        "type":"time",
        "description":"Specify timeout for connection to master"
      },
      "timeout":{
        "type":"time",
        "description":"Explicit operation timeout"
      },
      "preserve_existing":{
        "type":"boolean",
        "description":"Whether to update existing settings. If set to `true` existing settings on an index remain unchanged, the default is `false`"
      },
      "ignore_unavailable":{
        "type":"boolean",
        "description":"Whether specified concrete indices should be ignored when unavailable (missing or closed)"
      },
      "allow_no_indices":{
        "type":"boolean",
        "description":"Whether to ignore if a wildcard indices expression resolves into no concrete indices. (This includes `_all` string or when no indices have been specified)"
      },
      "expand_wildcards":{
        "type":"enum",
        "options":[
          "open",
          "closed",
          "hidden",
          "none",
          "all"
        ],
        "default":"open",
        "description":"Whether to expand wildcard expression to concrete indices that are open, closed or both."
      },
      "flat_settings":{
        "type":"boolean",
        "description":"Return settings in flat format (default: false)"
      }
    },
    "body":{
      "description":"The index settings to be updated",
      "required":true
    }
  }
}
