{
  "indices.get_data_stream":{
    "documentation":{
      "url":"https://www.elastic.co/guide/en/elasticsearch/reference/master/data-streams.html",
      "description":"Returns data streams."
    },
    "stability":"stable",
    "visibility":"public",
    "headers":{
      "accept": [ "application/json"]
    },
    "url":{
      "paths":[
        {
          "path":"/_data_stream",
          "methods":[
            "GET"
          ]
        },
        {
          "path":"/_data_stream/{name}",
          "methods":[
            "GET"
          ],
          "parts":{
            "name":{
              "type":"list",
              "description":"A comma-separated list of data streams to get; use `*` to get all data streams"
            }
          }
        }
      ]
    },
    "params":{
      "expand_wildcards":{
        "type":"enum",
        "options":[
          "open",
          "closed",
          "hidden",
          "none",
          "all"
        ],
        "default":"open",
        "description":"Whether wildcard expressions should get expanded to open or closed indices (default: open)"
      }
    }
  }
}
