{
  "indices.open":{
    "documentation":{
      "url":"https://www.elastic.co/guide/en/elasticsearch/reference/master/indices-open-close.html",
      "description":"Opens an index."
    },
    "stability":"stable",
    "visibility":"public",
    "headers":{
      "accept": [ "application/json"]
    },
    "url":{
      "paths":[
        {
          "path":"/{index}/_open",
          "methods":[
            "POST"
          ],
          "parts":{
            "index":{
              "type":"list",
              "description":"A comma separated list of indices to open"
            }
          }
        }
      ]
    },
    "params":{
      "timeout":{
        "type":"time",
        "description":"Explicit operation timeout"
      },
      "master_timeout":{
        "type":"time",
        "description":"Specify timeout for connection to master"
      },
      "ignore_unavailable":{
        "type":"boolean",
        "description":"Whether specified concrete indices should be ignored when unavailable (missing or closed)"
      },
      "allow_no_indices":{
        "type":"boolean",
        "description":"Whether to ignore if a wildcard indices expression resolves into no concrete indices. (This includes `_all` string or when no indices have been specified)"
      },
      "expand_wildcards":{
        "type":"enum",
        "options":[
          "open",
          "closed",
          "hidden",
          "none",
          "all"
        ],
        "default":"closed",
        "description":"Whether to expand wildcard expression to concrete indices that are open, closed or both."
      },
      "wait_for_active_shards":{
        "type":"string",
        "description":"Sets the number of active shards to wait for before the operation returns."
      }
    }
  }
}
