{
  "ingest.processor_grok":{
    "documentation":{
      "url":"https://www.elastic.co/guide/en/elasticsearch/reference/master/grok-processor.html#grok-processor-rest-get",
      "description":"Returns a list of the built-in patterns."
    },
    "stability":"stable",
    "visibility":"public",
    "headers":{
      "accept": [ "application/json"]
    },
    "url":{
      "paths":[
        {
          "path":"/_ingest/processor/grok",
          "methods":[
            "GET"
          ]
        }
      ]
    },
    "params":{}
  }
}
