{
  "ingest.delete_pipeline":{
    "documentation":{
      "url":"https://www.elastic.co/guide/en/elasticsearch/reference/master/delete-pipeline-api.html",
      "description":"Deletes a pipeline."
    },
    "stability":"stable",
    "visibility":"public",
    "headers":{
      "accept": [ "application/json"]
    },
    "url":{
      "paths":[
        {
          "path":"/_ingest/pipeline/{id}",
          "methods":[
            "DELETE"
          ],
          "parts":{
            "id":{
              "type":"string",
              "description":"Pipeline ID"
            }
          }
        }
      ]
    },
    "params":{
      "master_timeout":{
        "type":"time",
        "description":"Explicit operation timeout for connection to master node"
      },
      "timeout":{
        "type":"time",
        "description":"Explicit operation timeout"
      }
    }
  }
}
