{
  "license.post":{
    "documentation":{
      "url":"https://www.elastic.co/guide/en/elasticsearch/reference/master/update-license.html",
      "description":"Updates the license for the cluster."
    },
    "stability":"stable",
    "visibility":"public",
    "headers":{
      "accept": [ "application/json"],
      "content_type": ["application/json"]
    },
    "url":{
      "paths":[
        {
          "path":"/_license",
          "methods":[
            "PUT",
            "POST"
          ]
        }
      ]
    },
    "params":{
      "acknowledge":{
        "type":"boolean",
        "description":"whether the user has acknowledged acknowledge messages (default: false)"
      }
    },
    "body":{
      "description":"licenses to be installed"
    }
  }
}
