{
  "license.get_basic_status":{
    "documentation":{
      "url":"https://www.elastic.co/guide/en/elasticsearch/reference/master/get-basic-status.html",
      "description":"Retrieves information about the status of the basic license."
    },
    "stability":"stable",
    "visibility":"public",
    "headers":{
      "accept": [ "application/json"]
    },
    "url":{
      "paths":[
        {
          "path":"/_license/basic_status",
          "methods":[
            "GET"
          ]
        }
      ]
    },
    "params":{}
  }
}
