{
  "license.post_start_trial":{
    "documentation":{
      "url":"https://www.elastic.co/guide/en/elasticsearch/reference/master/start-trial.html",
      "description":"starts a limited time trial license."
    },
    "stability":"stable",
    "visibility":"public",
    "headers":{
      "accept": [ "application/json"]
    },
    "url":{
      "paths":[
        {
          "path":"/_license/start_trial",
          "methods":[
            "POST"
          ]
        }
      ]
    },
    "params":{
      "type":{
        "type":"string",
        "description":"The type of trial license to generate (default: \"trial\")"
      },
      "acknowledge":{
        "type":"boolean",
        "description":"whether the user has acknowledged acknowledge messages (default: false)"
      }
    }
  }
}
