{
  "logstash.delete_pipeline":{
    "documentation":{
      "url":"https://www.elastic.co/guide/en/elasticsearch/reference/current/logstash-api-delete-pipeline.html",
      "description":"Deletes Logstash Pipelines used by Central Management"
    },
    "stability":"stable",
    "visibility":"public",
    "headers":{
      "accept": [ "application/json"]
    },
    "url":{
      "paths":[
        {
          "path":"/_logstash/pipeline/{id}",
          "methods":[ "DELETE" ],
          "parts":{
            "id":{
              "type":"string",
              "description":"The ID of the Pipeline"
            }
          }
        }
      ]
    },
    "params":{}
  }
}
