{
  "logstash.put_pipeline":{
    "documentation":{
      "url":"https://www.elastic.co/guide/en/elasticsearch/reference/current/logstash-api-put-pipeline.html",
      "description":"Adds and updates Logstash Pipelines used for Central Management"
    },
    "stability":"stable",
    "visibility":"public",
    "headers":{
      "accept": [ "application/json"],
      "content_type": ["application/json"]
    },
    "url":{
      "paths":[
        {
          "path":"/_logstash/pipeline/{id}",
          "methods":[ "PUT" ],
          "parts":{
            "id":{
              "type":"string",
              "description":"The ID of the Pipeline"
            }
          }
        }
      ]
    },
    "params":{
    },
    "body":{
      "description":"The Pipeline to add or update",
      "required":true
    }
  }
}
