{
  "mget":{
    "documentation":{
      "url":"https://www.elastic.co/guide/en/elasticsearch/reference/master/docs-multi-get.html",
      "description":"Allows to get multiple documents in one request."
    },
    "stability":"stable",
    "visibility":"public",
    "headers":{
      "accept": [ "application/json"],
      "content_type": ["application/json"]
    },
    "url":{
      "paths":[
        {
          "path":"/_mget",
          "methods":[
            "GET",
            "POST"
          ]
        },
        {
          "path":"/{index}/_mget",
          "methods":[
            "GET",
            "POST"
          ],
          "parts":{
            "index":{
              "type":"string",
              "description":"The name of the index"
            }
          }
        },
        {
          "path":"/{index}/{type}/_mget",
          "methods":[
            "GET",
            "POST"
          ],
          "parts":{
            "index":{
              "type":"string",
              "description":"The name of the index"
            },
            "type":{
              "type":"string",
              "description":"The type of the document",
              "deprecated":true
            }
          },
          "deprecated":{
            "version":"7.0.0",
            "description":"Specifying types in urls has been deprecated"
          }
        }
      ]
    },
    "params":{
      "stored_fields":{
        "type":"list",
        "description":"A comma-separated list of stored fields to return in the response"
      },
      "preference":{
        "type":"string",
        "description":"Specify the node or shard the operation should be performed on (default: random)"
      },
      "realtime":{
        "type":"boolean",
        "description":"Specify whether to perform the operation in realtime or search mode"
      },
      "refresh":{
        "type":"boolean",
        "description":"Refresh the shard containing the document before performing the operation"
      },
      "routing":{
        "type":"string",
        "description":"Specific routing value"
      },
      "_source":{
        "type":"list",
        "description":"True or false to return the _source field or not, or a list of fields to return"
      },
      "_source_excludes":{
        "type":"list",
        "description":"A list of fields to exclude from the returned _source field"
      },
      "_source_includes":{
        "type":"list",
        "description":"A list of fields to extract and return from the _source field"
      }
    },
    "body":{
      "description":"Document identifiers; can be either `docs` (containing full document information) or `ids` (when index and type is provided in the URL.",
      "required":true
    }
  }
}
