{
  "migration.post_feature_upgrade":{
    "documentation":{
      "url":"https://www.elastic.co/guide/en/elasticsearch/reference/current/migration-api-feature-upgrade.html",
      "description":"Begin upgrades for system features"
    },
    "stability":"stable",
    "visibility":"public",
    "headers":{
      "accept": [ "application/json"]
    },
    "url":{
      "paths":[
        {
          "path":"/_migration/system_features",
          "methods":[
            "POST"
          ]
        }
      ]
    },
    "params":{}
  }
}
