{
  "ml.delete_trained_model_alias":{
    "documentation":{
      "url":"https://www.elastic.co/guide/en/elasticsearch/reference/current/delete-trained-models-aliases.html",
      "description":"Deletes a model alias that refers to the trained model"
    },
    "stability":"stable",
    "visibility":"public",
    "headers":{
      "accept": [ "application/json"],
      "content_type": ["application/json"]
    },
    "url":{
      "paths":[
        {
          "path":"/_ml/trained_models/{model_id}/model_aliases/{model_alias}",
          "methods":[
            "DELETE"
          ],
          "parts":{
            "model_alias":{
              "type":"string",
              "description":"The trained model alias to delete"
            },
            "model_id": {
              "type": "string",
              "description": "The trained model where the model alias is assigned"
            }
          }
        }
      ]
    }
  }
}
