{
  "ml.delete_filter":{
    "documentation":{
      "url":"https://www.elastic.co/guide/en/elasticsearch/reference/current/ml-delete-filter.html",
      "description":"Deletes a filter."
    },
    "stability":"stable",
    "visibility":"public",
    "headers":{
      "accept": [ "application/json"]
    },
    "url":{
      "paths":[
        {
          "path":"/_ml/filters/{filter_id}",
          "methods":[
            "DELETE"
          ],
          "parts":{
            "filter_id":{
              "type":"string",
              "description":"The ID of the filter to delete"
            }
          }
        }
      ]
    }
  }
}
