{
  "ml.delete_job":{
    "documentation":{
      "url":"https://www.elastic.co/guide/en/elasticsearch/reference/current/ml-delete-job.html",
      "description":"Deletes an existing anomaly detection job."
    },
    "stability":"stable",
    "visibility":"public",
    "headers":{
      "accept": [ "application/json"]
    },
    "url":{
      "paths":[
        {
          "path":"/_ml/anomaly_detectors/{job_id}",
          "methods":[
            "DELETE"
          ],
          "parts":{
            "job_id":{
              "type":"string",
              "description":"The ID of the job to delete"
            }
          }
        }
      ]
    },
    "params":{
      "force":{
        "type":"boolean",
        "description":"True if the job should be forcefully deleted",
        "default":false
      },
      "wait_for_completion":{
        "type":"boolean",
        "description":"Should this request wait until the operation has completed before returning",
        "default":true
      }
    }
  }
}
