{
  "ml.delete_trained_model":{
    "documentation":{
      "url":"https://www.elastic.co/guide/en/elasticsearch/reference/current/delete-trained-models.html",
      "description":"Deletes an existing trained inference model that is currently not referenced by an ingest pipeline."
    },
    "stability":"stable",
    "visibility":"public",
    "headers":{
      "accept": [ "application/json"]
    },
    "url":{
      "paths":[
        {
          "path":"/_ml/trained_models/{model_id}",
          "methods":[
            "DELETE"
          ],
          "parts":{
            "model_id":{
              "type":"string",
              "description":"The ID of the trained model to delete"
            }
          }
        }
      ]
    }
  }
}
