{
  "ml.explain_data_frame_analytics":{
    "documentation":{
      "url":"http://www.elastic.co/guide/en/elasticsearch/reference/current/explain-dfanalytics.html",
      "description":"Explains a data frame analytics config."
    },
    "stability":"stable",
    "visibility":"public",
    "headers":{
      "accept":[ "application/json"],
      "content_type":["application/json"]
    },
    "url":{
      "paths":[
        {
          "path":"/_ml/data_frame/analytics/_explain",
          "methods":[
            "GET",
            "POST"
          ],
          "parts":{}
        },
        {
          "path":"/_ml/data_frame/analytics/{id}/_explain",
          "methods":[
            "GET",
            "POST"
          ],
          "parts":{
            "id":{
              "type":"string",
              "description":"The ID of the data frame analytics to explain"
            }
          }
        }
      ]
    },
    "body":{
      "description":"The data frame analytics config to explain",
      "required":false
    }
  }
}
