{
  "ml.evaluate_data_frame":{
    "documentation":{
      "url":"https://www.elastic.co/guide/en/elasticsearch/reference/current/evaluate-dfanalytics.html",
      "description":"Evaluates the data frame analytics for an annotated index."
    },
    "stability":"stable",
    "visibility":"public",
    "headers":{
      "accept": [ "application/json"],
      "content_type": ["application/json"]
    },
    "url":{
      "paths":[
        {
          "path":"/_ml/data_frame/_evaluate",
          "methods":[
            "POST"
          ]
        }
      ]
    },
    "body":{
      "description":"The evaluation definition",
      "required":true
    }
  }
}
