{
  "ml.get_overall_buckets":{
    "documentation":{
      "url":"https://www.elastic.co/guide/en/elasticsearch/reference/current/ml-get-overall-buckets.html",
      "description":"Retrieves overall bucket results that summarize the bucket results of multiple anomaly detection jobs."
    },
    "stability":"stable",
    "visibility":"public",
    "headers":{
      "accept": [ "application/json"],
      "content_type": ["application/json"]
    },
    "url":{
      "paths":[
        {
          "path":"/_ml/anomaly_detectors/{job_id}/results/overall_buckets",
          "methods":[
            "GET",
            "POST"
          ],
          "parts":{
            "job_id":{
              "type":"string",
              "description":"The job IDs for which to calculate overall bucket results"
            }
          }
        }
      ]
    },
    "params":{
      "top_n":{
        "type":"int",
        "description":"The number of top job bucket scores to be used in the overall_score calculation"
      },
      "bucket_span":{
        "type":"string",
        "description":"The span of the overall buckets. Defaults to the longest job bucket_span"
      },
      "overall_score":{
        "type":"double",
        "description":"Returns overall buckets with overall scores higher than this value"
      },
      "exclude_interim":{
        "type":"boolean",
        "description":"If true overall buckets that include interim buckets will be excluded"
      },
      "start":{
        "type":"string",
        "description":"Returns overall buckets with timestamps after this time"
      },
      "end":{
        "type":"string",
        "description":"Returns overall buckets with timestamps earlier than this time"
      },
      "allow_no_match":{
        "type":"boolean",
        "description":"Whether to ignore if a wildcard expression matches no jobs. (This includes `_all` string or when no jobs have been specified)"
      },
      "allow_no_jobs":{
        "type":"boolean",
        "description":"Whether to ignore if a wildcard expression matches no jobs. (This includes `_all` string or when no jobs have been specified)",
        "deprecated":true
      }
    },
    "body":{
      "description":"Overall bucket selection details if not provided in URI"
    }
  }
}
