{
  "ml.get_records":{
    "documentation":{
      "url":"https://www.elastic.co/guide/en/elasticsearch/reference/current/ml-get-record.html",
      "description":"Retrieves anomaly records for an anomaly detection job."
    },
    "stability":"stable",
    "visibility":"public",
    "headers":{
      "accept": [ "application/json"],
      "content_type": ["application/json"]
    },
    "url":{
      "paths":[
        {
          "path":"/_ml/anomaly_detectors/{job_id}/results/records",
          "methods":[
            "GET",
            "POST"
          ],
          "parts":{
            "job_id":{
              "type":"string",
              "description":"The ID of the job"
            }
          }
        }
      ]
    },
    "params":{
      "exclude_interim":{
        "type":"boolean",
        "description":"Exclude interim results"
      },
      "from":{
        "type":"int",
        "description":"skips a number of records"
      },
      "size":{
        "type":"int",
        "description":"specifies a max number of records to get"
      },
      "start":{
        "type":"string",
        "description":"Start time filter for records"
      },
      "end":{
        "type":"string",
        "description":"End time filter for records"
      },
      "record_score":{
        "type":"double",
        "description":"Returns records with anomaly scores greater or equal than this value"
      },
      "sort":{
        "type":"string",
        "description":"Sort records by a particular field"
      },
      "desc":{
        "type":"boolean",
        "description":"Set the sort direction"
      }
    },
    "body":{
      "description":"Record selection criteria"
    }
  }
}
