{
  "ml.get_datafeeds":{
    "documentation":{
      "url":"https://www.elastic.co/guide/en/elasticsearch/reference/current/ml-get-datafeed.html",
      "description":"Retrieves configuration information for datafeeds."
    },
    "stability":"stable",
    "visibility":"public",
    "headers":{
      "accept": [ "application/json"]
    },
    "url":{
      "paths":[
        {
          "path":"/_ml/datafeeds/{datafeed_id}",
          "methods":[
            "GET"
          ],
          "parts":{
            "datafeed_id":{
              "type":"string",
              "description":"The ID of the datafeeds to fetch"
            }
          }
        },
        {
          "path":"/_ml/datafeeds",
          "methods":[
            "GET"
          ]
        }
      ]
    },
    "params":{
      "allow_no_match":{
        "type":"boolean",
        "required":false,
        "description":"Whether to ignore if a wildcard expression matches no datafeeds. (This includes `_all` string or when no datafeeds have been specified)"
      },
      "allow_no_datafeeds":{
        "type":"boolean",
        "required":false,
        "description":"Whether to ignore if a wildcard expression matches no datafeeds. (This includes `_all` string or when no datafeeds have been specified)",
        "deprecated":true
      },
      "exclude_generated": {
        "required": false,
        "type": "boolean",
        "default": false,
        "description": "Omits fields that are illegal to set on datafeed PUT"
      }
    }
  }
}
