{
  "ml.preview_datafeed":{
    "documentation":{
      "url":"https://www.elastic.co/guide/en/elasticsearch/reference/current/ml-preview-datafeed.html",
      "description":"Previews a datafeed."
    },
    "stability":"stable",
    "visibility":"public",
    "headers":{
      "accept": [ "application/json"],
      "content_type": ["application/json"]
    },
    "url":{
      "paths":[
        {
          "path":"/_ml/datafeeds/{datafeed_id}/_preview",
          "methods":[
            "GET",
            "POST"
          ],
          "parts":{
            "datafeed_id":{
              "type":"string",
              "description":"The ID of the datafeed to preview"
            }
          }
        },
        {
          "path":"/_ml/datafeeds/_preview",
          "methods":[
            "GET",
            "POST"
          ]
        }
      ]
    },
    "body":{
      "description":"The datafeed config and job config with which to execute the preview",
      "required":false
    }
  }
}
