{
  "ml.reset_job":{
    "documentation":{
      "url":"https://www.elastic.co/guide/en/elasticsearch/reference/current/ml-reset-job.html",
      "description":"Resets an existing anomaly detection job."
    },
    "stability":"stable",
    "visibility":"public",
    "headers":{
      "accept": [ "application/json"]
    },
    "url":{
      "paths":[
        {
          "path":"/_ml/anomaly_detectors/{job_id}/_reset",
          "methods":[
            "POST"
          ],
          "parts":{
            "job_id":{
              "type":"string",
              "description":"The ID of the job to reset"
            }
          }
        }
      ]
    },
    "params":{
      "wait_for_completion":{
        "type":"boolean",
        "description":"Should this request wait until the operation has completed before returning",
        "default":true
      }
    }
  }
}
