{
  "put_script":{
    "documentation":{
      "url":"https://www.elastic.co/guide/en/elasticsearch/reference/master/modules-scripting.html",
      "description":"Creates or updates a script."
    },
    "stability":"stable",
    "visibility":"public",
    "headers":{
      "accept": [ "application/json"],
      "content_type": ["application/json"]
    },
    "url":{
      "paths":[
        {
          "path":"/_scripts/{id}",
          "methods":[
            "PUT",
            "POST"
          ],
          "parts":{
            "id":{
              "type":"string",
              "description":"Script ID"
            }
          }
        },
        {
          "path":"/_scripts/{id}/{context}",
          "methods":[
            "PUT",
            "POST"
          ],
          "parts":{
            "id":{
              "type":"string",
              "description":"Script ID"
            },
            "context":{
              "type":"string",
              "description":"Script context"
            }
          }
        }
      ]
    },
    "params":{
      "timeout":{
        "type":"time",
        "description":"Explicit operation timeout"
      },
      "master_timeout":{
        "type":"time",
        "description":"Specify timeout for connection to master"
      },
      "context":{
        "type":"string",
        "description":"Context name to compile script against"
      }
    },
    "body":{
      "description":"The document",
      "required":true
    }
  }
}
