{
  "rollup.rollup":{
    "documentation":{
      "url":"https://www.elastic.co/guide/en/elasticsearch/reference/current/xpack-rollup.html",
      "description":"Rollup an index"
    },
    "stability":"experimental",
    "visibility":"public",
    "headers":{
      "accept": [ "application/json"],
      "content_type": ["application/json"]
    },
    "url": {
      "paths": [
        {
          "path": "/{index}/_rollup/{rollup_index}",
          "methods": [
            "POST"
          ],
          "parts": {
            "index": {
              "type": "string",
              "description": "The index to roll up",
              "required": true
            },
            "rollup_index": {
              "type": "string",
              "description": "The name of the rollup index to create",
              "required": true
            }
          }
        }
      ]
    },
    "params":{},
    "body":{
      "description":"The rollup configuration",
      "required":true
    }
  }
}
