{
  "rollup.delete_job":{
    "documentation":{
      "url":"https://www.elastic.co/guide/en/elasticsearch/reference/master/rollup-delete-job.html",
      "description":"Deletes an existing rollup job."
    },
    "stability":"experimental",
    "visibility":"public",
    "headers":{
      "accept": [ "application/json"]
    },
    "url":{
      "paths":[
        {
          "path":"/_rollup/job/{id}",
          "methods":[
            "DELETE"
          ],
          "parts":{
            "id":{
              "type":"string",
              "description":"The ID of the job to delete"
            }
          }
        }
      ]
    }
  }
}
