{
  "rollup.start_job":{
    "documentation":{
      "url":"https://www.elastic.co/guide/en/elasticsearch/reference/master/rollup-start-job.html",
      "description":"Starts an existing, stopped rollup job."
    },
    "stability":"experimental",
    "visibility":"public",
    "headers":{
      "accept": [ "application/json"]
    },
    "url":{
      "paths":[
        {
          "path":"/_rollup/job/{id}/_start",
          "methods":[
            "POST"
          ],
          "parts":{
            "id":{
              "type":"string",
              "description":"The ID of the job to start"
            }
          }
        }
      ]
    }
  }
}
