{
  "scripts_painless_execute":{
    "documentation":{
      "url":"https://www.elastic.co/guide/en/elasticsearch/painless/master/painless-execute-api.html",
      "description":"Allows an arbitrary script to be executed and a result to be returned"
    },
    "stability":"experimental",
    "visibility":"public",
    "headers":{
      "accept": [ "application/json"],
      "content_type": ["application/json"]
    },
    "url":{
      "paths":[
        {
          "path":"/_scripts/painless/_execute",
          "methods":[
            "GET",
            "POST"
          ]
        }
      ]
    },
    "params":{},
    "body":{
      "description":"The script to execute"
    }
  }
}
