{
  "searchable_snapshots.repository_stats": {
    "documentation": {
      "url": "https://www.elastic.co/guide/en/elasticsearch/reference/current/searchable-snapshots-apis.html",
      "description": "DEPRECATED: This API is replaced by the Repositories Metering API."
    },
    "stability": "experimental",
    "visibility": "public",
    "headers":{
      "accept": [ "application/json"]
    },
    "url": {
      "paths": [
        {
          "path": "/_snapshot/{repository}/_stats",
          "methods": [
            "GET"
          ],
          "parts": {
            "repository": {
              "type": "string",
              "description": "The repository for which to get the stats for"
            }
          }
        }
      ]
    }
  }
}
