{
  "searchable_snapshots.mount": {
    "documentation": {
      "url": "https://www.elastic.co/guide/en/elasticsearch/reference/current/searchable-snapshots-api-mount-snapshot.html",
      "description": "Mount a snapshot as a searchable index."
    },
    "stability": "stable",
    "visibility":"public",
    "headers":{
      "accept": [ "application/json"],
      "content_type": ["application/json"]
    },
    "url": {
      "paths": [
        {
          "path": "/_snapshot/{repository}/{snapshot}/_mount",
          "methods": [
            "POST"
          ],
          "parts": {
            "repository": {
              "type": "string",
              "description": "The name of the repository containing the snapshot of the index to mount"
            },
            "snapshot": {
              "type": "string",
              "description": "The name of the snapshot of the index to mount"
            }
          }
        }
      ]
    },
    "params": {
      "master_timeout":{
        "type":"time",
        "description":"Explicit operation timeout for connection to master node"
      },
      "wait_for_completion":{
        "type":"boolean",
        "description":"Should this request wait until the operation has completed before returning",
        "default":false
      },
      "storage":{
        "type":"string",
        "description":"Selects the kind of local storage used to accelerate searches. Experimental, and defaults to `full_copy`",
        "default":false
      }
    },
    "body":{
      "description":"The restore configuration for mounting the snapshot as searchable",
      "required":true
    }
  }
}
