{
  "searchable_snapshots.cache_stats": {
    "documentation": {
      "url": "https://www.elastic.co/guide/en/elasticsearch/reference/master/searchable-snapshots-apis.html",
      "description": "Retrieve node-level cache statistics about searchable snapshots."
    },
    "stability": "experimental",
    "visibility":"public",
    "headers":{
      "accept": [ "application/json"]
    },
    "url": {
      "paths": [
        {
          "path": "/_searchable_snapshots/cache/stats",
          "methods": [
            "GET"
          ]
        },
        {
          "path": "/_searchable_snapshots/{node_id}/cache/stats",
          "methods": [
            "GET"
          ],
          "parts":{
            "node_id":{
              "type":"list",
              "description":"A comma-separated list of node IDs or names to limit the returned information; use `_local` to return information from the node you're connecting to, leave empty to get information from all nodes"
            }
          }
        }
      ]
    }
  }
}
