{
  "security.delete_role_mapping":{
    "documentation":{
      "url":"https://www.elastic.co/guide/en/elasticsearch/reference/current/security-api-delete-role-mapping.html",
      "description":"Removes role mappings."
    },
    "stability":"stable",
    "visibility":"public",
    "headers":{
      "accept": [ "application/json"]
    },
    "url":{
      "paths":[
        {
          "path":"/_security/role_mapping/{name}",
          "methods":[
            "DELETE"
          ],
          "parts":{
            "name":{
              "type":"string",
              "description":"Role-mapping name"
            }
          }
        }
      ]
    },
    "params":{
      "refresh":{
        "type":"enum",
        "options":[
          "true",
          "false",
          "wait_for"
        ],
        "description":"If `true` (the default) then refresh the affected shards to make this operation visible to search, if `wait_for` then wait for a refresh to make this operation visible to search, if `false` then do nothing with refreshes."
      }
    }
  }
}
