{
  "security.get_token":{
    "documentation":{
      "url":"https://www.elastic.co/guide/en/elasticsearch/reference/current/security-api-get-token.html",
      "description":"Creates a bearer token for access without requiring basic authentication."
    },
    "stability":"stable",
    "visibility":"public",
    "headers":{
      "accept": [ "application/json"],
      "content_type": ["application/json"]
    },
    "url":{
      "paths":[
        {
          "path":"/_security/oauth2/token",
          "methods":[
            "POST"
          ]
        }
      ]
    },
    "params":{},
    "body":{
      "description":"The token request to get",
      "required":true
    }
  }
}
