{
  "security.get_user_privileges":{
    "documentation":{
      "url":"https://www.elastic.co/guide/en/elasticsearch/reference/current/security-api-get-user-privileges.html",
      "description":"Retrieves security privileges for the logged in user."
    },
    "stability":"stable",
    "visibility":"public",
    "headers":{
      "accept": [ "application/json"]
    },
    "url":{
      "paths":[
        {
          "path":"/_security/user/_privileges",
          "methods":[
            "GET"
          ]
        }
      ]
    },
    "params":{}
  }
}
