{
  "security.get_service_credentials":{
    "documentation":{
      "url":"https://www.elastic.co/guide/en/elasticsearch/reference/current/security-api-get-service-credentials.html",
      "description":"Retrieves information of all service credentials for a service account."
    },
    "stability":"stable",
    "visibility":"public",
    "headers":{
      "accept": [ "application/json"]
    },
    "url":{
      "paths":[
        {
          "path":"/_security/service/{namespace}/{service}/credential",
          "methods":[
            "GET"
          ],
          "parts":{
            "namespace":{
              "type":"string",
              "description":"An identifier for the namespace"
            },
            "service":{
              "type":"string",
              "description":"An identifier for the service name"
            }
          }
        }
      ]
    },
    "params":{}
  }
}
