{
  "security.grant_api_key":{
    "documentation":{
      "url":"https://www.elastic.co/guide/en/elasticsearch/reference/current/security-api-grant-api-key.html",
      "description":"Creates an API key on behalf of another user."
    },
    "stability":"stable",
    "visibility":"public",
    "headers":{
      "accept": [ "application/json"],
      "content_type": ["application/json"]
    },
    "url":{
      "paths":[
        {
          "path":"/_security/api_key/grant",
          "methods":[
            "POST"
          ]
        }
      ]
    },
    "params":{
      "refresh":{
        "type":"enum",
        "options":[
          "true",
          "false",
          "wait_for"
        ],
        "description":"If `true` (the default) then refresh the affected shards to make this operation visible to search, if `wait_for` then wait for a refresh to make this operation visible to search, if `false` then do nothing with refreshes."
      }
    },
    "body":{
      "description":"The api key request to create an API key",
      "required":true
    }
  }
}
