{
  "security.get_user":{
    "documentation":{
      "url":"https://www.elastic.co/guide/en/elasticsearch/reference/current/security-api-get-user.html",
      "description":"Retrieves information about users in the native realm and built-in users."
    },
    "stability":"stable",
    "visibility":"public",
    "headers":{
      "accept": [ "application/json"]
    },
    "url":{
      "paths":[
        {
          "path":"/_security/user/{username}",
          "methods":[
            "GET"
          ],
          "parts":{
            "username":{
              "type":"list",
              "description":"A comma-separated list of usernames"
            }
          }
        },
        {
          "path":"/_security/user",
          "methods":[
            "GET"
          ]
        }
      ]
    },
    "params":{}
  }
}
