{
  "security.get_role":{
    "documentation":{
      "url":"https://www.elastic.co/guide/en/elasticsearch/reference/current/security-api-get-role.html",
      "description":"Retrieves roles in the native realm."
    },
    "stability":"stable",
    "visibility":"public",
    "headers":{
      "accept": [ "application/json"]
    },
    "url":{
      "paths":[
        {
          "path":"/_security/role/{name}",
          "methods":[
            "GET"
          ],
          "parts":{
            "name":{
              "type":"list",
              "description":"A comma-separated list of role names"
            }
          }
        },
        {
          "path":"/_security/role",
          "methods":[
            "GET"
          ]
        }
      ]
    },
    "params":{}
  }
}
