{
  "security.change_password":{
    "documentation":{
      "url":"https://www.elastic.co/guide/en/elasticsearch/reference/current/security-api-change-password.html",
      "description":"Changes the passwords of users in the native realm and built-in users."
    },
    "stability":"stable",
    "visibility":"public",
    "headers":{
      "accept": [ "application/json"],
      "content_type": ["application/json"]
    },
    "url":{
      "paths":[
        {
          "path":"/_security/user/{username}/_password",
          "methods":[
            "PUT",
            "POST"
          ],
          "parts":{
            "username":{
              "type":"string",
              "description":"The username of the user to change the password for"
            }
          }
        },
        {
          "path":"/_security/user/_password",
          "methods":[
            "PUT",
            "POST"
          ]
        }
      ]
    },
    "params":{
      "refresh":{
        "type":"enum",
        "options":[
          "true",
          "false",
          "wait_for"
        ],
        "description":"If `true` (the default) then refresh the affected shards to make this operation visible to search, if `wait_for` then wait for a refresh to make this operation visible to search, if `false` then do nothing with refreshes."
      }
    },
    "body":{
      "description":"the new password for the user",
      "required":true
    }
  }
}
