{
  "security.invalidate_api_key":{
    "documentation":{
      "url":"https://www.elastic.co/guide/en/elasticsearch/reference/current/security-api-invalidate-api-key.html",
      "description":"Invalidates one or more API keys."
    },
    "stability":"stable",
    "visibility":"public",
    "headers":{
      "accept": [ "application/json"],
      "content_type": ["application/json"]
    },
    "url":{
      "paths":[
        {
          "path":"/_security/api_key",
          "methods":[
            "DELETE"
          ]
        }
      ]
    },
    "body":{
      "description":"The api key request to invalidate API key(s)",
      "required":true
    }
  }
}
