{
  "shutdown.put_node":{
    "documentation":{
      "url":"https://www.elastic.co/guide/en/elasticsearch/reference/current",
      "description":"Adds a node to be shut down. Designed for indirect use by ECE/ESS and ECK. Direct use is not supported."
    },
    "stability":"stable",
    "visibility":"private",
    "headers":{
      "accept": [ "application/json"],
      "content_type": ["application/json"]
    },
    "url":{
      "paths":[
        {
          "path":"/_nodes/{node_id}/shutdown",
          "methods":[
            "PUT"
          ],
          "parts":{
            "node_id":{
              "type":"string",
              "description":"The node id of node to be shut down"
            }
          }
        }
      ]
    },
    "params":{},
    "body":{
      "description":"The shutdown type definition to register",
      "required": true
    }
  }
}
