{
  "slm.get_status":{
    "documentation":{
      "url":"https://www.elastic.co/guide/en/elasticsearch/reference/current/slm-api-get-status.html",
      "description":"Retrieves the status of snapshot lifecycle management (SLM)."
    },
    "stability":"stable",
    "visibility":"public",
    "headers":{
      "accept": [ "application/json"]
    },
    "url":{
      "paths":[
        {
          "path":"/_slm/status",
          "methods":[
            "GET"
          ]
        }
      ]
    },
    "params":{}
  }
}
