{
  "slm.get_lifecycle":{
    "documentation":{
      "url":"https://www.elastic.co/guide/en/elasticsearch/reference/current/slm-api-get-policy.html",
      "description":"Retrieves one or more snapshot lifecycle policy definitions and information about the latest snapshot attempts."
    },
    "stability":"stable",
    "visibility":"public",
    "headers":{
      "accept": [ "application/json"]
    },
    "url":{
      "paths":[
        {
          "path":"/_slm/policy/{policy_id}",
          "methods":[
            "GET"
          ],
          "parts":{
            "policy_id":{
              "type":"list",
              "description":"Comma-separated list of snapshot lifecycle policies to retrieve"
            }
          }
        },
        {
          "path":"/_slm/policy",
          "methods":[
            "GET"
          ]
        }
      ]
    },
    "params":{}
  }
}
