{
  "snapshot.create_repository":{
    "documentation":{
      "url":"https://www.elastic.co/guide/en/elasticsearch/reference/master/modules-snapshots.html",
      "description":"Creates a repository."
    },
    "stability":"stable",
    "visibility":"public",
    "headers":{
      "accept": [ "application/json"],
      "content_type": ["application/json"]
    },
    "url":{
      "paths":[
        {
          "path":"/_snapshot/{repository}",
          "methods":[
            "PUT",
            "POST"
          ],
          "parts":{
            "repository":{
              "type":"string",
              "description":"A repository name"
            }
          }
        }
      ]
    },
    "params":{
      "master_timeout":{
        "type":"time",
        "description":"Explicit operation timeout for connection to master node"
      },
      "timeout":{
        "type":"time",
        "description":"Explicit operation timeout"
      },
      "verify":{
        "type":"boolean",
        "description":"Whether to verify the repository after creation"
      }
    },
    "body":{
      "description":"The repository definition",
      "required":true
    }
  }
}
