{
  "snapshot.restore":{
    "documentation":{
      "url":"https://www.elastic.co/guide/en/elasticsearch/reference/master/modules-snapshots.html",
      "description":"Restores a snapshot."
    },
    "stability":"stable",
    "visibility":"public",
    "headers":{
      "accept": [ "application/json"],
      "content_type": ["application/json"]
    },
    "url":{
      "paths":[
        {
          "path":"/_snapshot/{repository}/{snapshot}/_restore",
          "methods":[
            "POST"
          ],
          "parts":{
            "repository":{
              "type":"string",
              "description":"A repository name"
            },
            "snapshot":{
              "type":"string",
              "description":"A snapshot name"
            }
          }
        }
      ]
    },
    "params":{
      "master_timeout":{
        "type":"time",
        "description":"Explicit operation timeout for connection to master node"
      },
      "wait_for_completion":{
        "type":"boolean",
        "description":"Should this request wait until the operation has completed before returning",
        "default":false
      }
    },
    "body":{
      "description":"Details of what to restore",
      "required":false
    }
  }
}
