{
  "snapshot.clone":{
    "documentation":{
      "url":"https://www.elastic.co/guide/en/elasticsearch/reference/master/modules-snapshots.html",
      "description":"Clones indices from one snapshot into another snapshot in the same repository."
    },
    "stability":"stable",
    "visibility":"public",
    "headers":{
      "accept": [ "application/json"],
      "content_type": ["application/json"]
    },
    "url":{
      "paths":[
        {
          "path":"/_snapshot/{repository}/{snapshot}/_clone/{target_snapshot}",
          "methods":[
            "PUT"
          ],
          "parts":{
            "repository":{
              "type":"string",
              "description":"A repository name"
            },
            "snapshot":{
              "type":"string",
              "description":"The name of the snapshot to clone from"
            },
            "target_snapshot":{
              "type":"string",
              "description":"The name of the cloned snapshot to create"
            }
          }
        }
      ]
    },
    "params":{
      "master_timeout":{
        "type":"time",
        "description":"Explicit operation timeout for connection to master node"
      }
    },
    "body":{
      "description":"The snapshot clone definition",
      "required":true
    }
  }
}
