{
  "snapshot.get_repository":{
    "documentation":{
      "url":"https://www.elastic.co/guide/en/elasticsearch/reference/master/modules-snapshots.html",
      "description":"Returns information about a repository."
    },
    "stability":"stable",
    "visibility":"public",
    "headers":{
      "accept": [ "application/json"]
    },
    "url":{
      "paths":[
        {
          "path":"/_snapshot",
          "methods":[
            "GET"
          ]
        },
        {
          "path":"/_snapshot/{repository}",
          "methods":[
            "GET"
          ],
          "parts":{
            "repository":{
              "type":"list",
              "description":"A comma-separated list of repository names"
            }
          }
        }
      ]
    },
    "params":{
      "master_timeout":{
        "type":"time",
        "description":"Explicit operation timeout for connection to master node"
      },
      "local":{
        "type":"boolean",
        "description":"Return local information, do not retrieve the state from master node (default: false)"
      }
    }
  }
}
