{
  "snapshot.delete":{
    "documentation":{
      "url":"https://www.elastic.co/guide/en/elasticsearch/reference/master/modules-snapshots.html",
      "description":"Deletes a snapshot."
    },
    "stability":"stable",
    "visibility":"public",
    "headers":{
      "accept": [ "application/json"]
    },
    "url":{
      "paths":[
        {
          "path":"/_snapshot/{repository}/{snapshot}",
          "methods":[
            "DELETE"
          ],
          "parts":{
            "repository":{
              "type":"string",
              "description":"A repository name"
            },
            "snapshot":{
              "type":"string",
              "description":"A snapshot name"
            }
          }
        }
      ]
    },
    "params":{
      "master_timeout":{
        "type":"time",
        "description":"Explicit operation timeout for connection to master node"
      }
    }
  }
}
