{
  "snapshot.status":{
    "documentation":{
      "url":"https://www.elastic.co/guide/en/elasticsearch/reference/master/modules-snapshots.html",
      "description":"Returns information about the status of a snapshot."
    },
    "stability":"stable",
    "visibility":"public",
    "headers":{
      "accept": [ "application/json"]
    },
    "url":{
      "paths":[
        {
          "path":"/_snapshot/_status",
          "methods":[
            "GET"
          ]
        },
        {
          "path":"/_snapshot/{repository}/_status",
          "methods":[
            "GET"
          ],
          "parts":{
            "repository":{
              "type":"string",
              "description":"A repository name"
            }
          }
        },
        {
          "path":"/_snapshot/{repository}/{snapshot}/_status",
          "methods":[
            "GET"
          ],
          "parts":{
            "repository":{
              "type":"string",
              "description":"A repository name"
            },
            "snapshot":{
              "type":"list",
              "description":"A comma-separated list of snapshot names"
            }
          }
        }
      ]
    },
    "params":{
      "master_timeout":{
        "type":"time",
        "description":"Explicit operation timeout for connection to master node"
      },
      "ignore_unavailable":{
        "type":"boolean",
        "description":"Whether to ignore unavailable snapshots, defaults to false which means a SnapshotMissingException is thrown"
      }
    }
  }
}
