{
  "sql.get_async_status": {
    "documentation": {
      "url": "https://www.elastic.co/guide/en/elasticsearch/reference/master/get-async-sql-search-status-api.html",
      "description": "Returns the current status of an async SQL search or a stored synchronous SQL search"
    },
    "stability": "stable",
    "visibility": "public",
    "headers": {
      "accept": [
        "application/json"
      ]
    },
    "url": {
      "paths": [
        {
          "path": "/_sql/async/status/{id}",
          "methods": [
            "GET"
          ],
          "parts": {
            "id": {
              "type": "string",
              "description": "The async search ID"
            }
          }
        }
      ]
    }
  }
}
