{
  "sql.translate":{
    "documentation":{
      "url":"https://www.elastic.co/guide/en/elasticsearch/reference/current/sql-translate-api.html",
      "description":"Translates SQL into Elasticsearch queries"
    },
    "stability":"stable",
    "visibility":"public",
    "headers":{
      "accept": [ "application/json"],
      "content_type": ["application/json"]
    },
    "url":{
      "paths":[
        {
          "path":"/_sql/translate",
          "methods":[
            "POST",
            "GET"
          ]
        }
      ]
    },
    "params":{},
    "body":{
      "description":"Specify the query in the `query` element.",
      "required":true
    }
  }
}
