{
  "sql.query":{
    "documentation":{
      "url":"https://www.elastic.co/guide/en/elasticsearch/reference/current/sql-search-api.html",
      "description":"Executes a SQL request"
    },
    "stability":"stable",
    "visibility":"public",
    "headers":{
      "accept": [ "application/json"],
      "content_type": ["application/json"]
    },
    "url":{
      "paths":[
        {
          "path":"/_sql",
          "methods":[
            "POST",
            "GET"
          ]
        }
      ]
    },
    "params":{
      "format":{
        "type":"string",
        "description":"a short version of the Accept header, e.g. json, yaml"
      }
    },
    "body":{
      "description":"Use the `query` element to start a query. Use the `cursor` element to continue a query.",
      "required":true
    }
  }
}
