{
  "ssl.certificates":{
    "documentation":{
      "url":"https://www.elastic.co/guide/en/elasticsearch/reference/current/security-api-ssl.html",
      "description":"Retrieves information about the X.509 certificates used to encrypt communications in the cluster."
    },
    "stability":"stable",
    "visibility":"public",
    "headers":{
      "accept": [ "application/json"]
    },
    "url":{
      "paths":[
        {
          "path":"/_ssl/certificates",
          "methods":[
            "GET"
          ]
        }
      ]
    },
    "params":{}
  }
}
