{
  "terms_enum":{
    "documentation":{
      "url":"https://www.elastic.co/guide/en/elasticsearch/reference/current/search-terms-enum.html",
      "description": "The terms enum API  can be used to discover terms in the index that begin with the provided string. It is designed for low-latency look-ups used in auto-complete scenarios."
    },
    "stability":"stable",
    "visibility":"public",
    "headers":{
      "accept": [ "application/json"],
      "content_type": ["application/json"]
    },
    "url":{
      "paths":[
        {
          "path": "/{index}/_terms_enum",
          "methods": [
            "GET",
            "POST"
          ],
          "parts": {
            "index": {
              "type": "list",
              "description": "A comma-separated list of index names to search; use `_all` or empty string to perform the operation on all indices"
            }
          }
        }
      ]
    },
    "params":{},
    "body":{
      "description":"field name, string which is the prefix expected in matching terms, timeout and size for max number of results"
    }
  }
}
