{
  "transform.put_transform":{
    "documentation":{
      "url":"https://www.elastic.co/guide/en/elasticsearch/reference/current/put-transform.html",
      "description":"Instantiates a transform."
    },
    "stability":"stable",
    "visibility":"public",
    "headers":{
      "accept": [ "application/json"],
      "content_type": ["application/json"]
    },
    "url":{
      "paths":[
        {
          "path":"/_transform/{transform_id}",
          "methods":[
            "PUT"
          ],
          "parts":{
            "transform_id":{
              "type":"string",
              "description":"The id of the new transform."
            }
          }
        }
      ]
    },
    "params":{
      "defer_validation":{
        "type":"boolean",
        "required":false,
        "description":"If validations should be deferred until transform starts, defaults to false."
      },
      "timeout":{
        "type":"time",
        "required":false,
        "description":"Controls the time to wait for the transform to start"
      }
    },
    "body":{
      "description":"The transform definition",
      "required":true
    }
  }
}
