{
  "transform.get_transform_stats":{
    "documentation":{
      "url":"https://www.elastic.co/guide/en/elasticsearch/reference/current/get-transform-stats.html",
      "description":"Retrieves usage information for transforms."
    },
    "stability":"stable",
    "visibility":"public",
    "headers":{
      "accept": [ "application/json"]
    },
    "url":{
      "paths":[
        {
          "path":"/_transform/{transform_id}/_stats",
          "methods":[
            "GET"
          ],
          "parts":{
            "transform_id":{
              "type":"string",
              "description":"The id of the transform for which to get stats. '_all' or '*' implies all transforms"
            }
          }
        }
      ]
    },
    "params":{
      "from":{
        "type":"number",
        "required":false,
        "description":"skips a number of transform stats, defaults to 0"
      },
      "size":{
        "type":"number",
        "required":false,
        "description":"specifies a max number of transform stats to get, defaults to 100"
      },
      "allow_no_match":{
        "type":"boolean",
        "required":false,
        "description":"Whether to ignore if a wildcard expression matches no transforms. (This includes `_all` string or when no transforms have been specified)"
      }
    }
  }
}
