{
  "transform.start_transform":{
    "documentation":{
      "url":"https://www.elastic.co/guide/en/elasticsearch/reference/current/start-transform.html",
      "description":"Starts one or more transforms."
    },
    "stability":"stable",
    "visibility":"public",
    "headers":{
      "accept": [ "application/json"]
    },
    "url":{
      "paths":[
        {
          "path":"/_transform/{transform_id}/_start",
          "methods":[
            "POST"
          ],
          "parts":{
            "transform_id":{
              "type":"string",
              "description":"The id of the transform to start"
            }
          }
        }
      ]
    },
    "params":{
      "timeout":{
        "type":"time",
        "required":false,
        "description":"Controls the time to wait for the transform to start"
      }
    }
  }
}
