{
  "transform.delete_transform":{
    "documentation":{
      "url":"https://www.elastic.co/guide/en/elasticsearch/reference/current/delete-transform.html",
      "description":"Deletes an existing transform."
    },
    "stability":"stable",
    "visibility":"public",
    "headers":{
      "accept": [ "application/json"]
    },
    "url":{
      "paths":[
        {
          "path":"/_transform/{transform_id}",
          "methods":[
            "DELETE"
          ],
          "parts":{
            "transform_id":{
              "type":"string",
              "description":"The id of the transform to delete"
            }
          }
        }
      ]
    },
    "params":{
      "force":{
        "type":"boolean",
        "required":false,
        "description":"When `true`, the transform is deleted regardless of its current state. The default value is `false`, meaning that the transform must be `stopped` before it can be deleted."
      },
      "timeout":{
        "type":"time",
        "required":false,
        "description":"Controls the time to wait for the transform deletion"
      }
    }
  }
}


