{
  "watcher.start":{
    "documentation":{
      "url":"https://www.elastic.co/guide/en/elasticsearch/reference/current/watcher-api-start.html",
      "description":"Starts Watcher if it is not already running."
    },
    "stability":"stable",
    "visibility":"public",
    "headers":{
      "accept": [ "application/json"]
    },
    "url":{
      "paths":[
        {
          "path":"/_watcher/_start",
          "methods":[
            "POST"
          ]
        }
      ]
    },
    "params":{}
  }
}
