{
  "xpack.info":{
    "documentation":{
      "url":"https://www.elastic.co/guide/en/elasticsearch/reference/current/info-api.html",
      "description":"Retrieves information about the installed X-Pack features."
    },
    "stability":"stable",
    "visibility":"public",
    "headers":{
      "accept": [ "application/json"]
    },
    "url":{
      "paths":[
        {
          "path":"/_xpack",
          "methods":[
            "GET"
          ]
        }
      ]
    },
    "params":{
      "categories":{
        "type":"list",
        "description":"Comma-separated list of info categories. Can be any of: build, license, features"
      },
      "accept_enterprise":{
        "type":"boolean",
        "description":"If an enterprise license is installed, return the type and mode as 'enterprise' (default: false)"
      }
    }
  }
}
