{
  "xpack.usage":{
    "documentation":{
      "url":"https://www.elastic.co/guide/en/elasticsearch/reference/current/usage-api.html",
      "description":"Retrieves usage information about the installed X-Pack features."
    },
    "stability":"stable",
    "visibility":"public",
    "headers":{
      "accept": [ "application/json"]
    },
    "url":{
      "paths":[
        {
          "path":"/_xpack/usage",
          "methods":[
            "GET"
          ]
        }
      ]
    },
    "params":{
      "master_timeout":{
        "type":"time",
        "description":"Specify timeout for watch write operation"
      }
    }
  }
}
